name,raw_price,raw_rating,is_in_stock,url,product_code
"Memorie laptop Mushkin SODIMM 2GB DDR3, 1066MHz, CL7, Essentials",44.99,-1,1,https://www.vexio.ro/memorii-laptop/mushkin/9908-sodimm-2gb-ddr3-1066mhz-cl7-essentials/,991643
"Memorie laptop Corsair notebook 8GB, DDR3, 1066MHz, CL7 Dual...",241.99,-1,1,https://www.vexio.ro/memorii-laptop/corsair/24212-notebook-8gb-ddr3-1066mhz-cl7-dual-channel-kit-for-apple-mac/,CMSA8GX3M2A1066C7
"Memorie laptop Corsair notebook Kit 2x4GB, DDR3, 1333MHz CL9 Dual...",229.99,-1,1,https://www.vexio.ro/memorii-laptop/corsair/24213-notebook-kit-2x4gb-ddr3-1333mhz-cl9-dual-channel-kit-for-apple-mac/,CMSA8GX3M2A1333C9
"Memorie laptop Corsair Laptop SODIMM Mac DDR3, 16GB, 1333 MHz, Dual...",415.99,-1,1,https://www.vexio.ro/memorii-laptop/corsair/25135-laptop-sodimm-mac-ddr3-16gb-1333-mhz-dual-channel/,CMSA16GX3M2A1333C9
"Geanta notebook Asus Nereus 16 inch, neagra",63.99,-1,1,https://www.vexio.ro/genti-rucsaci-si-huse/asus/44434-geanta-notebook-asus-nereus-16-inch-neagra/,90-XB4000BA00010-
"Memorie laptop Zeppelin SODIMM, 8GB, DDR3, 1333MHz, Bulk",53.99,-1,1,https://www.vexio.ro/memorii-laptop/zeppelin/44460-sodimm-8gb-ddr3-1333mhz-bulk/,ZE-SD3-8G1333
"Memorie laptop Kingston KVR16S11S6/2, 2GB DDR3 1600MHz, SODIMM",65.63,-1,1,https://www.vexio.ro/memorii-laptop/kingston/54834-kvr16s11s6-2-2gb-ddr3-1600mhz-sodimm/,KVR16S11S6/2
"Memorie laptop Corsair 8GB DDR3L SODIMM, 1600MHz Dual Channel",161.99,-1,1,https://www.vexio.ro/memorii-laptop/corsair/58714-8gb-ddr3l-sodimm-1600mhz-dual-channel/,CMSO8GX3M2C1600C11
"Memorie laptop Corsair CMSA16GX3M2A1600C11 SODIMM pentru Mac, 2x8GB...",422.99,-1,1,https://www.vexio.ro/memorii-laptop/corsair/67704-cmsa16gx3m2a1600c11-sodimm-pentru-mac-2x8gb-ddr3-1600mhz-cl11/,CMSA16GX3M2A1600C11
"Everki geanta notebook Advance Briefcase 14.1 inch, neagra",119.99,-1,1,https://www.vexio.ro/genti-rucsaci-si-huse/everki/70031-geanta-notebook-advance-briefcase-14-1-inch-neagra/,GLEKB407NCH14
"Memorie laptop SODIMM ZEPPELIN DDR3/1600 2048M (life time, dual...",18.99,-1,1,https://www.vexio.ro/memorii-laptop/zeppelin/75241-sodimm-zeppelin-ddr3-1600-2048m-life-time-dual-channel-ze-sd3-2g1600/,ZE-SD3-2G1600
"ESPERANZA Cooling pad Tivano EA144, 2 ventilatoare",36.99,-1,1,https://www.vexio.ro/standuri-de-racire/esperanza/76127-cooling-pad-tivano-ea144-2-ventilatoare/,EA144 - 5901299904237
"Targus Rucsac notebook TCG655EU, 14"", Negru/Gri",370.99,-1,1,https://www.vexio.ro/genti-rucsaci-si-huse/targus/83313-rucsac-notebook-tcg655eu-14-negru-gri/,TCG655EU
"Memorie laptop G.Skill Ripjaws, DDR4, 16GB, 2400 GHz, CL16, 1.2V",147.99,-1,1,https://www.vexio.ro/memorii-laptop/g-skill/95533-ripjaws-ddr4-16gb-2400-ghz-cl16-1-2v/,F4-2400C16S-16GRS
"Memorie laptop Kingston Value Ram, DDR3, 8 GB, 1600 GHz, CL11,...",223.99,-1,1,https://www.vexio.ro/memorii-laptop/kingston/154706-value-ram-ddr3-8-gb-1600-ghz-cl11-1-35v-unbuffered-non-ecc-kit/,KVR16LS11K2/8
Trust GXT 278 NOTEBOOK COOLING STAND up to 17.3,129.99,-1,1,https://www.vexio.ro/standuri-de-racire/trust/161676-gxt-278-notebook-cooling-stand-up-to-17-3/,20817
"ESPERANZA Stand notebook de racire 15,6""-17"" SAMUM EA141, Iluminate...",41.99,-1,1,https://www.vexio.ro/standuri-de-racire/esperanza/182239-stand-notebook-de-racire-15-6-17-samum-ea141-iluminate-fan/,EA141 - 5901299904206
ESPERANZA Geanta pentru Laptop 17'' ET103 Classic +,35.99,-1,1,https://www.vexio.ro/genti-rucsaci-si-huse/esperanza/182611-geanta-pentru-laptop-17-et103-classic-plus/,ET103 - 5905784767444
SATECHI Aluminum Pro Hub Type-C 4K Space Grey,338.99,-1,1,https://www.vexio.ro/accesorii-laptop/satechi/212829-aluminum-pro-hub-type-c-4k-space-grey/,ST-CMBPM
Targus Pulse 11.6-13.3'' Laptop Sleeve Black and Ebony,78.99,-1,1,https://www.vexio.ro/genti-rucsaci-si-huse/targus/213207-pulse-11-6-13-3-laptop-sleeve-black-and-ebony/,TSS94604EU
Tracer Geanta notebook Balance 17 inch Black,76.99,-1,1,https://www.vexio.ro/genti-rucsaci-si-huse/tracer/213281-geanta-notebook-balance-17-inch-black/,TRATOR43467
Inter-Tech 120W external PSU for ITX series Q/E/SY/ITX,117.99,-1,1,https://www.vexio.ro/incarcatoare-laptop/inter-tech/234561-120w-external-psu-for-itx-series-q-e-sy-itx/,88882103
"Wenger Potomac 17"", 2-piece, Negru",558.99,-1,1,https://www.vexio.ro/genti-rucsaci-si-huse/wenger/250537-potomac-17-2-piece-negru/,600661
Docking Station Asus USB 3.0 HZ-3B Dual-Display 65W Black,762.99,-1,1,https://www.vexio.ro/statii-andocare/asus/252151-usb-3-0-hz-3b-dual-display-65w-black/,90XB04AN-BDS000
Memorie laptop GOODRAM DDR4 16GB 2400MHz CL17 SODIMM,181.99,-1,1,https://www.vexio.ro/memorii-laptop/goodram/261991-ddr4-16gb-2400mhz-cl17-sodimm/,GR2400S464L17/16G
Acumulator Green Cell A1321 pentru Apple MacBook Pro 15 A1286 (Mid...,183.99,-1,1,https://www.vexio.ro/baterii-laptop/green-cell/262569-acumulator-green-cell-a1321-pentru-apple-macbook-pro-15-a1286-mid-2009-mid-2010/,AP10
"Wenger Mythos 15.6 inch Computer Backpack, Blue",296.99,-1,1,https://www.vexio.ro/genti-rucsaci-si-huse/wenger/272249-mythos-15-6-inch-computer-backpack-blue/,600632
Akyga notebook power adapter AK-ND-06 19V/3.42A 65W 5.5x1.7 mm ACER,60.99,-1,1,https://www.vexio.ro/incarcatoare-laptop/akyga/279233-akyga-notebook-power-adapter-ak-nd-06-19v-3-42a-65w-5-5x1-7-mm-acer/,AK-ND-06
Akyga notebook power adapter AK-ND-21 19V/1.58A 30W 5.5x1.7 mm ACER,54.99,-1,1,https://www.vexio.ro/incarcatoare-laptop/akyga/279245-akyga-notebook-power-adapter-ak-nd-21-19v-1-58a-30w-5-5x1-7-mm-acer/,AK-ND-21
Akyga notebook power adapter AK-ND-13 19V/3.16A 60W 5.5x3.0 mm +...,60.99,-1,1,https://www.vexio.ro/incarcatoare-laptop/akyga/279277-akyga-notebook-power-adapter-ak-nd-13-19v-3-16a-60w-5-5x3-0-mm-plus-pin-samsung/,AK-ND-13
Akyga Alimentare electrică AK-ND-60 45W USB type-C USB-C,71.99,-1,1,https://www.vexio.ro/incarcatoare-laptop/akyga/279307-akyga-alimentare-electrica-ak-nd-60-45w-usb-type-c-usb-c/,AK-ND-60
Akyga PC Cablu de alimentare AK-PC-05A IEC C13 CEE 7/7 230V/50Hz 5m,19.99,-1,1,https://www.vexio.ro/accesorii-laptop/akyga/279361-pc-cablu-de-alimentare-ak-pc-05a-iec-c13-cee-7-7-230v-50hz-5m/,AK-PC-05A
Akyga Cablu de alimentare AK-UP-02 IEC C19 / C14 250V/50Hz 1.8m,30.99,-1,1,https://www.vexio.ro/accesorii-laptop/akyga/279375-akyga-cablu-de-alimentare-ak-up-02-iec-c19-c14-250v-50hz-1-8m/,AK-UP-02
Gembird AC mains 90W universal notebook power adaptor,86.99,-1,1,https://www.vexio.ro/incarcatoare-laptop/gembird/287699-gembird-ac-mains-90w-universal-notebook-power-adaptor/,NPA-AC1-GS
Memorie laptop GOODRAM DDR3 4GB 1333MHz CL9 SODIMM 1.5V (512x8),58.99,-1,1,https://www.vexio.ro/memorii-laptop/goodram/289067-ddr3-4gb-1333mhz-cl9-sodimm-1-5v-512x8/,GR1333S364L9S/4G
Memorie laptop GOODRAM DDR3 8GB 1600MHz CL11 SODIMM 1.5V,105.99,-1,1,https://www.vexio.ro/memorii-laptop/goodram/289073-ddr3-8gb-1600mhz-cl11-sodimm-1-5v/,GR1600S364L11/8G
"Memorie laptop Patriot Signature Line 4GB, DDR3-1333MHz, CL9",78.99,-1,1,https://www.vexio.ro/memorii-laptop/patriot/300823-signature-line-4gb-ddr3-1333mhz-cl9/,PSD34G13332S
Qoltec Alimentator pentru notebook Lenovo 65W | 20V | 3.25A | Slim tip,62.99,-1,1,https://www.vexio.ro/incarcatoare-laptop/qoltec/301193-qoltec-alimentator-pentru-notebook-lenovo-65w-20v-3-25a-slim-tip/,50053
Qoltec Alimentator pentru notebook Acer 90W | 4.74 A | 19V | 5.5x1.7,70.99,-1,1,https://www.vexio.ro/incarcatoare-laptop/qoltec/301229-qoltec-alimentator-pentru-notebook-acer-90w-4-74-a-19v-5-5x1-7/,50087
"Asus AS RUCSAC BP1500G ROG 15.6"" BK",145.99,-1,1,https://www.vexio.ro/genti-rucsaci-si-huse/asus/312037-as-rucsac-bp1500g-rog-15-6-bk/,90XB0510-BBP000
Memorie laptop G.Skill F4-2133C15D-8GRS Ripjaws 8GB DDR4 2133MHz CL15,122.99,-1,1,https://www.vexio.ro/memorii-laptop/g-skill/320139-f4-2133c15d-8grs-ripjaws-8gb-ddr4-2133mhz-cl15/,F4-2133C15D-8GRS
Memorie laptop G.Skill F4-2666C19S-16GRSSO 16GB DDR4 2666MHz CL19...,156.99,-1,1,https://www.vexio.ro/memorii-laptop/g-skill/320147-f4-2666c19s-16grsso-16gb-ddr4-2666mhz-cl19-gskill-ripjaws/,F4-2666C19S-16GRS
Kensington Geanta laptop 12 inch Classic Case,134.99,-1,1,https://www.vexio.ro/genti-rucsaci-si-huse/kensington/366079-geanta-laptop-12-inch-classic-case/,K62569US
ALIMENTATOR UNIVERSAL LAPTOP 120W USB,183.99,-1,1,https://www.vexio.ro/incarcatoare-laptop/generic/394582-alimentator-universal-laptop-120w-usb/,UNI120USB
"Case Logic Rucsac pentru laptop 15.6"" Negru",186.99,-1,1,https://www.vexio.ro/genti-rucsaci-si-huse/case-logic/415237-rucsac-pentru-laptop-15-6-negru/,BPEB-115 BLACK
Cheie bloccare diverse combinatii Kensington ClickSafe,297.99,-1,1,https://www.vexio.ro/accesorii-laptop/kensington/429877-cheie-bloccare-diverse-combinatii-kensington-clicksafe/,K64697EU
Protecție Kensington MicroSaver 2.0 Keyed Lock,137.99,-1,1,https://www.vexio.ro/accesorii-laptop/kensington/429901-protectie-kensington-microsaver-2-0-keyed-lock/,K65020EU
"Trust notebook cooling pad 40.6 cm (16"") Black",36.99,-1,1,https://www.vexio.ro/standuri-de-racire/trust/471082-notebook-cooling-pad-40-6-cm-16-black/,21962
Accesoriu montare docking station Dell Mounting Kit,175.99,-1,1,https://www.vexio.ro/statii-andocare/dell/510775-mounting-kit/,MK15
"Case Logic Husa Deco 14"" Negru",92.99,-1,1,https://www.vexio.ro/genti-rucsaci-si-huse/case-logic/529147-husa-deco-14-negru/,DECOS-114 BLACK
"Spacer Geanta KOOL pentru Laptop de 15.6"" Negru",36.99,-1,1,https://www.vexio.ro/genti-rucsaci-si-huse/spacer/529315-geanta-kool-pentru-laptop-de-15-6-negru/,SPM0314
Memorie laptop GOODRAM 8GB DDR3 SO-DIMM memory module 1333 MHz,95.99,-1,1,https://www.vexio.ro/memorii-laptop/goodram/530557-8gb-ddr3-so-dimm-memory-module-1333-mhz/,GR1333S364L9/8G
"Memorie laptop Mushkin DDR4 - 64 GB -3200 - CL - 22 - Dual Kit,...",650.99,-1,1,https://www.vexio.ro/memorii-laptop/mushkin/537769-mushkin-ddr4-64-gb-3200-cl-22-dual-kit-essentials-mes4s320nf32gx2/,MES4S320NF32GX2
Memorie laptop Kingston 8GB DDR4 3200MHz Single Rank SODIMM,92.99,-1,1,https://www.vexio.ro/memorii-laptop/kingston/541546-8gb-ddr4-3200mhz-single-rank-sodimm/,KCP432SS6/8
"Sursa alimentare OTHER LN-EU12V2A-P, 12V 2A 24W, tip desktop",26.99,-1,1,https://www.vexio.ro/incarcatoare-laptop/other/552496-ln-eu12v2a-p-12v-2a-24w-tip-desktop/,LN-EU12V2A-P
"Serioux LAPTOP COOLING PAD NCP007, USB, 10-15""",35.99,-1,1,https://www.vexio.ro/standuri-de-racire/serioux/572017-laptop-cooling-pad-ncp007-usb-10-15/,SRXNCP007
"Dell Husa laptop Essential Sleeve 15"" Negru",93.99,-1,1,https://www.vexio.ro/genti-rucsaci-si-huse/dell/598537-husa-laptop-essential-sleeve-15-negru/,460-BCQO
"Serioux Cooler laptop NCP035 10-17.3"" 5 ventilatoare USB negru",66.99,-1,1,https://www.vexio.ro/standuri-de-racire/serioux/598741-cooler-laptop-ncp035-10-17-3-5-ventilatoare-usb-negru/,SRXNCP035
Memorie laptop Crucial DDR4 CT8G4SFRA32A 8GB 3200Mhz CL22 1.2V,93.99,-1,1,https://www.vexio.ro/memorii-laptop/crucial/611554-ddr4-ct8g4sfra32a-8gb-3200mhz-cl22-1-2v/,CT8G4SFRA32A
"Case Logic Advantage Attaché pentru Laptop de 15.6inch, Dark Blue",115.99,-1,1,https://www.vexio.ro/genti-rucsaci-si-huse/case-logic/613747-advantage-attach-pentru-laptop-de-15-6inch-dark-blue/,ADVA116 DARK BLUE
"HP Prelude Pro 15.6inch, Slate Grey",123.99,-1,1,https://www.vexio.ro/genti-rucsaci-si-huse/hp/653163-prelude-pro-15-6inch-slate-grey/,1X645AA
Memorie laptop Kingston DDR4 8GB 2666 KF426S15IB/8,92.99,-1,1,https://www.vexio.ro/memorii-laptop/kingston/671277-ddr4-8gb-2666-kf426s15ib-8/,KF426S15IB/8
Dicota BASE XX Sleeve black 10-11.6 - D31782,37.99,-1,1,https://www.vexio.ro/genti-rucsaci-si-huse/dicota/764787-base-xx-sleeve-black-10-11-6-d31782/,D31782
Dicota Eco Multi BASE black 14-15.6 - D30446-RPET,97.99,-1,1,https://www.vexio.ro/genti-rucsaci-si-huse/dicota/764811-eco-multi-base-black-14-15-6-d30446-rpet/,D30446-RPET
"Lenovo ThinkPad, Dock USB-C 90W Black",874.99,-1,1,https://www.vexio.ro/statii-andocare/lenovo/835510-thinkpad-dock-usb-c-90w-black/,40AY0090EU
"Lenovo Thinkpad Top Loader 15.6"" Black",87.99,-1,1,https://www.vexio.ro/genti-rucsaci-si-huse/lenovo/847680-thinkpad-top-loader-15-6-black/,4X40Y95214
"Lenovo ThinkPad Essential Eco 16"" Black",168.99,-1,1,https://www.vexio.ro/genti-rucsaci-si-huse/lenovo/847695-thinkpad-essential-eco-16-black/,4X41C12468
PORT Designs Yosemite Eco 15.6 Inch Grey,173.99,-1,1,https://www.vexio.ro/genti-rucsaci-si-huse/port-designs/855825-yosemite-eco-15-6-inch-grey/,400701
"Verbatim SureFire Bora, 17"" GREEN",134.99,-1,1,https://www.vexio.ro/standuri-de-racire/verbatim/881550-surefire-bora-17-green/,48818
"Memorie laptop Silicon Power SP016GBSFU320X02, 16GB, DDR4-3200MHz,...",176.99,-1,1,https://www.vexio.ro/memorii-laptop/silicon-power/882865-sp016gbsfu320x02-16gb-ddr4-3200mhz-cl22/,SP016GBSFU320X02
Green Cell AD57AP power adapter/inverter Indoor 45 W Black,57.99,-1,1,https://www.vexio.ro/incarcatoare-laptop/green-cell/906150-green-cell-ad57ap-power-adapter-inverter-indoor-45-w-black/,AD57AP
Green Cell AD64P power adapter/inverter Indoor 45 W Black,59.99,-1,1,https://www.vexio.ro/incarcatoare-laptop/green-cell/906160-green-cell-ad64p-power-adapter-inverter-indoor-45-w-black/,AD64P
Green Cell AD106P power adapter/inverter Indoor 240 W Black,228.99,-1,1,https://www.vexio.ro/incarcatoare-laptop/green-cell/906255-green-cell-ad106p-power-adapter-inverter-indoor-240-w-black/,AD106P
Green Cell AD38AP power adapter/inverter Indoor 65 W Black,64.99,-1,1,https://www.vexio.ro/incarcatoare-laptop/green-cell/906320-green-cell-ad38ap-power-adapter-inverter-indoor-65-w-black/,AD38AP
Green Cell AD68P power adapter/inverter Indoor 135 W Black,136.99,-1,1,https://www.vexio.ro/incarcatoare-laptop/green-cell/906380-green-cell-ad68p-power-adapter-inverter-indoor-135-w-black/,AD68P
Green Cell AD16AP power adapter/inverter Indoor 65 W Black,71.99,-1,1,https://www.vexio.ro/incarcatoare-laptop/green-cell/906410-green-cell-ad16ap-power-adapter-inverter-indoor-65-w-black/,AD16AP
Green Cell AD61P power adapter/inverter Indoor 45 W Black,55.99,-1,1,https://www.vexio.ro/incarcatoare-laptop/green-cell/906505-green-cell-ad61p-power-adapter-inverter-indoor-45-w-black/,AD61P
Green Cell AD63P power adapter/inverter Indoor 36 W Black,77.99,-1,1,https://www.vexio.ro/incarcatoare-laptop/green-cell/906520-green-cell-ad63p-power-adapter-inverter-indoor-36-w-black/,AD63P
Green Cell AD06P power adapter/inverter,64.99,-1,1,https://www.vexio.ro/incarcatoare-laptop/green-cell/906560-green-cell-ad06p-power-adapter-inverter/,AD06P
XD DESIGN ANTI-THEFT BACKPACK BOBBY HERO XL NAVY P/N: P705.715,462.99,-1,1,https://www.vexio.ro/genti-rucsaci-si-huse/xd-design/907895-xd-design-anti-theft-backpack-bobby-hero-xl-navy-p-n-p705-715/,P705.715
Green Cell TS03 notebook spare part Battery,113.99,-1,1,https://www.vexio.ro/baterii-laptop/green-cell/911870-green-cell-ts03-notebook-spare-part-battery/,TS03
Green Cell Baterie Toshiba Satellite TS13,113.99,-1,1,https://www.vexio.ro/baterii-laptop/green-cell/911875-baterie-toshiba-satellite-ts13/,TS13
Green Cell Toshiba Satellite TS13V2,113.99,-1,1,https://www.vexio.ro/baterii-laptop/green-cell/911880-toshiba-satellite-ts13v2/,TS13V2
Green Cell Lenovo LE07,114.99,-1,1,https://www.vexio.ro/baterii-laptop/green-cell/912010-lenovo-le07/,LE07
Green Cell Baterie laptop A31-K53 A32-K53 A41-K53 A42-K53 pentru Asus,113.99,-1,1,https://www.vexio.ro/baterii-laptop/green-cell/912085-baterie-laptop-a31-k53-a32-k53-a41-k53-a42-k53-pentru-asus/,AS04
Green Cell AS77 notebook spare part Battery,101.99,-1,1,https://www.vexio.ro/baterii-laptop/green-cell/912120-green-cell-as77-notebook-spare-part-battery/,AS77
Green Cell HP01,124.99,-1,1,https://www.vexio.ro/baterii-laptop/green-cell/912175-hp01/,HP01
Green Cell HP03,107.99,-1,1,https://www.vexio.ro/baterii-laptop/green-cell/912180-hp03/,HP03
Green Cell Acer AC06,113.99,-1,1,https://www.vexio.ro/baterii-laptop/green-cell/912305-acer-ac06/,AC06
Green Cell AC03 notebook spare part Battery,137.99,-1,1,https://www.vexio.ro/baterii-laptop/green-cell/912315-green-cell-ac03-notebook-spare-part-battery/,AC03
Green Cell Dell DE127,328.99,-1,1,https://www.vexio.ro/baterii-laptop/green-cell/912490-dell-de127/,DE127
"Titanum TA102 notebook cooling pad 39.6 cm (15.6"") Black",26.99,-1,1,https://www.vexio.ro/standuri-de-racire/titanum/918835-titanum-ta102-notebook-cooling-pad-39-6-cm-15-6-black/,TA102
"Tracer Cooler pentru laptop de 40 cm (17,3"") 800RPM, Negru",132.99,-1,1,https://www.vexio.ro/standuri-de-racire/tracer/918845-cooler-pentru-laptop-de-40-cm-17-3-800rpm-negru/,TRASTA46405
"ESPERANZA Ventilator pentru laptop de 17"" Negru/Rosu",64.99,-1,1,https://www.vexio.ro/standuri-de-racire/esperanza/918910-ventilator-pentru-laptop-de-17-negru-rosu/,EGC102
Esperanza EGC101 Notebook cooling pad LED RGB,94.99,-1,1,https://www.vexio.ro/standuri-de-racire/esperanza/918915-esperanza-egc101-notebook-cooling-pad-led-rgb/,EGC101
Green Cell AD117P power adapter/inverter Indoor 170 W Black,186.99,-1,1,https://www.vexio.ro/incarcatoare-laptop/green-cell/962055-green-cell-ad117p-power-adapter-inverter-indoor-170-w-black/,AD117P
MITSU Asus BC/AS-X550H,165.99,-1,1,https://www.vexio.ro/baterii-laptop/mitsu/970895-asus-bc-as-x550h/,BC/AS-X550H
Green Cell LE46 notebook spare part Battery,114.99,-1,1,https://www.vexio.ro/baterii-laptop/green-cell/970900-green-cell-le46-notebook-spare-part-battery/,LE46
"Inspiron 13R/14R/15R/17R/Q15R/N4010/N5010/N5030/N5040/N5110/T510,...",113.99,-1,1,https://www.vexio.ro/baterii-laptop/green-cell/970915-inspiron-13r-14r-15r-17r-q15r-n4010-n5010-n5030-n5040-n5110-t510-green-cell-negru/,DE01
Green Cell Baterie laptop A32N1405 pentru Asus,113.99,-1,1,https://www.vexio.ro/baterii-laptop/green-cell/970945-baterie-laptop-a32n1405-pentru-asus/,AS129
Canyon DS-5 7-in-1 Hub for a MacBook Grey,140.99,-1,1,https://www.vexio.ro/statii-andocare/canyon/973460-ds-5-7-in-1-hub-for-a-macbook-grey/,CNS-TDS05B
"Baseus Magic Multifunctional CAHUB-DA0G, Grey",218.99,-1,1,https://www.vexio.ro/statii-andocare/baseus/990955-magic-multifunctional-cahub-da0g-grey/,CAHUB-DA0G
"Baseus Metal Gleam CAHUB-CV0G, Grey",175.99,-1,1,https://www.vexio.ro/statii-andocare/baseus/990980-metal-gleam-cahub-cv0g-grey/,CAHUB-CV0G
"Baseus Metal Gleam, conectare PC USB Type-C, USB 3.0 x 3, USB Type...",158.99,-1,1,https://www.vexio.ro/statii-andocare/baseus/990995-metal-gleam-conectare-pc-usb-type-c-usb-3-0-x-3-usb-type-c-x-1-pd-100w-5v-9v-14-5v-20v-5a-max-gigabit-rj-45-x-1-hdmi-x-1-4k-30hz-albastru/,WKWG000003
"HP Renew Business 17.3inch, Black",159.99,-1,1,https://www.vexio.ro/genti-rucsaci-si-huse/hp/999030-renew-business-17-3inch-black/,3E2U6AA
"Memorie laptop GOODRAM 16GB, DDR4-3200MHz, CL22",169.99,-1,1,https://www.vexio.ro/memorii-laptop/goodram/1095386-16gb-ddr4-3200mhz-cl22/,GR3200S464L22/16G
"Samsonite Guardit 2.0 15.6"" Negru",309.0,-1,1,https://www.vexio.ro/genti-rucsaci-si-huse/samsonite/1126557-guardit-2-0-15-6-negru/,171182
"Samsonite Vectura Evo, 15.6"", Slim, Negru",214.99,-1,1,https://www.vexio.ro/genti-rucsaci-si-huse/samsonite/1126592-vectura-evo-15-6-slim-negru/,190783
"Samsonite Securipak 15.6"" eclipse blue",510.99,-1,1,https://www.vexio.ro/genti-rucsaci-si-huse/samsonite/1126606-securipak-15-6-eclipse-blue/,196132
ESPERANZA Classic 15.6 inch Negru,31.99,-1,1,https://www.vexio.ro/genti-rucsaci-si-huse/esperanza/1127194-classic-15-6-inch-negru/,ESP-ET101
ESPERANZA Classic 15.6 inch Negru/albastru,34.55,-1,1,https://www.vexio.ro/genti-rucsaci-si-huse/esperanza/1127222-classic-15-6-inch-negru-albastru/,ESP-ET101B
ESPERANZA Classic 15.6 inch Negru/Rosu,32.99,-1,1,https://www.vexio.ro/genti-rucsaci-si-huse/esperanza/1127229-classic-15-6-inch-negru-rosu/,ESP-ET101R
ALIMENTATOR STABILIZAT UNIVERSAL 500MA KEMOT,34.99,-1,1,https://www.vexio.ro/incarcatoare-laptop/kemot/1133085-alimentator-stabilizat-universal-500ma-kemot/,URZ1186
Modecom Highfill 11.3'' negru,39.99,-1,1,https://www.vexio.ro/genti-rucsaci-si-huse/modecom/1236145-highfill-11-3-negru/,TOR-MC-HIGHFILL-11-BLA
"Addison Geanta laptop Poliester, 14.1"", Negru",68.99,-1,1,https://www.vexio.ro/genti-rucsaci-si-huse/addison/1236490-geanta-laptop-poliester-14-1-negru/,300014
"THULE Rucsac Lithos pentru laptop de 14"" Negru",210.99,-1,1,https://www.vexio.ro/genti-rucsaci-si-huse/thule/1252345-rucsac-lithos-pentru-laptop-de-14-negru/,3204832
"Case Logic Husa Huxton pentru Laptop de 14"" Negru",80.99,-1,1,https://www.vexio.ro/genti-rucsaci-si-huse/case-logic/1255425-husa-huxton-pentru-laptop-de-14-negru/,HUXS214 BLACK
UGREEN CM372 38-in-1 Aluminum Alloy Screwdriver Set,51.99,-1,1,https://www.vexio.ro/accesorii-laptop/ugreen/1288560-ugreen-cm372-38-in-1-aluminum-alloy-screwdriver-set/,023279
UGREEN LP121 Protection Tube DIA 25mm 5m (Black),34.99,-1,1,https://www.vexio.ro/accesorii-laptop/ugreen/1288570-ugreen-lp121-protection-tube-dia-25mm-5m-black/,023285
UGREEN LP121 Protection Tube DIA 25mm 3m (Black),26.99,-1,1,https://www.vexio.ro/accesorii-laptop/ugreen/1288575-ugreen-lp121-protection-tube-dia-25mm-3m-black/,023428
"Spacer Cooler pentru laptop gaming de 17"",sita metal, Airflow:...",63.69,-1,1,https://www.vexio.ro/standuri-de-racire/spacer/1298515-cooler-pentru-laptop-gaming-de-17-sita-metal-airflow-72cfm-2xfan-12-5cm-2xfan-7cm-cu-led-albastru-negru/,SPS-Gaming
"Techair Geanta pentru laptop TANZ0116v3 de 11.6"" Negru",58.99,-1,1,https://www.vexio.ro/genti-rucsaci-si-huse/techair/1340045-geanta-pentru-laptop-tanz0116v3-de-11-6-negru/,TANZ0116V3
"Kensington Rucsac Contour 2.0 pentru laptop de 15.6"" Negru",417.99,-1,1,https://www.vexio.ro/genti-rucsaci-si-huse/kensington/1340955-rucsac-contour-2-0-pentru-laptop-de-15-6-negru/,K60382EU
Memorie laptop Corsair Vengeance 16GB DDR5-4800MHz CL40,254.99,-1,1,https://www.vexio.ro/memorii-laptop/corsair/1346730-vengeance-16gb-ddr5-4800mhz-cl40/,CMSX16GX5M1A4800C40
Memorie laptop Kingston Fury Impact 32GB DDR5-4800Mhz CL38,475.99,-1,1,https://www.vexio.ro/memorii-laptop/kingston/1346760-fury-impact-32gb-ddr5-4800mhz-cl38/,KF548S38IB-32
"i-tec USB-C Extension Cable 0,30m - C31EXTENDCBL",50.99,-1,1,https://www.vexio.ro/accesorii-laptop/i-tec/1370165-i-tec-usb-c-extension-cable-0-30m-c31extendcbl/,C31EXTENDCBL
i-tec USB 3.0 / USB-C Dual HDMI Docking Station - U3DUALHDMIDOCK,541.99,-1,1,https://www.vexio.ro/statii-andocare/i-tec/1370970-i-tec-usb-3-0-usb-c-dual-hdmi-docking-station-u3dualhdmidock/,U3DUALHDMIDOCK
Razer Suport pentru laptop Chroma V2,911.99,-1,1,https://www.vexio.ro/accesorii-laptop/razer/1371080-suport-pentru-laptop-chroma-v2/,RC21-01680100-R3M1
MITSU HP BC/HP-X360-11N,109.99,-1,1,https://www.vexio.ro/baterii-laptop/mitsu/1420825-hp-bc-hp-x360-11n/,5BM355
ESPERANZA EGC103 Ventilator de racire gaming,24.99,-1,1,https://www.vexio.ro/standuri-de-racire/esperanza/2031259-egc103-ventilator-de-racire-gaming/,ESP-EGC103
ESPERANZA Placă de răcire EGC110 led rgb xalok,87.99,-1,1,https://www.vexio.ro/standuri-de-racire/esperanza/2031263-placa-de-racire-egc110-led-rgb-xalok/,ESP-EGC110
ESPERANZA EGC108 led rgb boreas,109.99,-1,1,https://www.vexio.ro/standuri-de-racire/esperanza/2031265-egc108-led-rgb-boreas/,ESP-EGC108
"Canyon CSZ-02 pentru laptop de 15.6inch, Blue",100.99,-1,1,https://www.vexio.ro/genti-rucsaci-si-huse/canyon/2035047-csz-02-pentru-laptop-de-15-6inch-blue/,CNS-CSZ02DGN01
"Lindy USB 3.1 Type C Laptop Mini Dock, docking station (white)",199.99,-1,1,https://www.vexio.ro/statii-andocare/lindy/2054143-lindy-usb-3-1-type-c-laptop-mini-dock-docking-station-white/,43239
"UNIQ pentru Apple MacBook Pro 16"" Dove Matt Clear",128.99,-1,1,https://www.vexio.ro/accesorii-laptop/uniq/2079755-pentru-apple-macbook-pro-16-dove-matt-clear/,8886463679753
"Hurtel 14 inch rezistenta la stropire din neopren, Navy Blue",41.99,-1,1,https://www.vexio.ro/genti-rucsaci-si-huse/hurtel/2080595-14-inch-rezistenta-la-stropire-din-neopren-navy-blue/,9145576261330
"MACLEAN Suport laptop , extensie pentru suporturi cu arc, MC-764",61.99,-1,1,https://www.vexio.ro/accesorii-laptop/maclean/2081195-suport-laptop-extensie-pentru-suporturi-cu-arc-mc-764/,MC-764
Memorie laptop Samsung M425R2GA3BB0-CQK 16GB DDR5 4800MHz CL40 bulk,298.99,-1,1,https://www.vexio.ro/memorii-laptop/samsung/2096891-m425r2ga3bb0-cqk-16gb-ddr5-4800mhz-cl40-bulk/,M425R2GA3BB0-CQK
Memorie laptop Samsung M425R4GA3BB0-CQK 32GB DDR5 4800MHz CL40 bulk,568.99,-1,1,https://www.vexio.ro/memorii-laptop/samsung/2096893-m425r4ga3bb0-cqk-32gb-ddr5-4800mhz-cl40-bulk/,M425R4GA3BB0-CQK
Memorie laptop Transcend JM4800ASE-32G DDR5 32GB 4800MHZ CL40,443.99,-1,1,https://www.vexio.ro/memorii-laptop/transcend/2097029-jm4800ase-32g-ddr5-32gb-4800mhz-cl40/,JM4800ASE-32G
"Memorie laptop Kingston KVR52S42BD8-32, 32GB, DDR5-5200MHz, CL42",478.99,-1,1,https://www.vexio.ro/memorii-laptop/kingston/2097147-kvr52s42bd8-32-32gb-ddr5-5200mhz-cl42/,KVR52S42BD8-32
"Memorie laptop Kingston KVR52S42BS8-16, 16GB, DDR5-5200MHz, CL42",254.99,-1,1,https://www.vexio.ro/memorii-laptop/kingston/2097155-kvr52s42bs8-16-16gb-ddr5-5200mhz-cl42/,KVR52S42BS8-16
"Memorie laptop Kingston KVR56S46BS6-8, 8GB, DDR5-5600MHz, CL46",168.99,-1,1,https://www.vexio.ro/memorii-laptop/kingston/2097163-kvr56s46bs6-8-8gb-ddr5-5600mhz-cl46/,KVR56S46BS6-8
"Memorie laptop Kingston KVR56S46BS8-16, 16GB, DDR5-5600MHz, CL46",269.99,-1,1,https://www.vexio.ro/memorii-laptop/kingston/2097167-kvr56s46bs8-16-16gb-ddr5-5600mhz-cl46/,KVR56S46BS8-16
"Hama ""Vienna"" , up to 40 cm (15.6""), black",200.99,-1,1,https://www.vexio.ro/genti-rucsaci-si-huse/hama/2141271-vienna-up-to-40-cm-15-6-black/,00216487
"Geanta notebook Spacer SPM7939 Fritz, 16 inch, negru",63.41,-1,1,https://www.vexio.ro/genti-rucsaci-si-huse/spacer/33658-geanta-notebook-spacer-spm7939-fritz-16-inch-negru/,SPM7939
Alimentator 90W AC Lenovo 0B46998 pentru X1 Carbon,167.99,-1,1,https://www.vexio.ro/incarcatoare-laptop/lenovo/35814-alimentator-90w-ac-lenovo-0b46998-pentru-x1-carbon/,0B46998
"Geanta notebook Natec Impala 15.6 inch, neagra",45.99,-1,1,https://www.vexio.ro/genti-rucsaci-si-huse/natec/36824-geanta-notebook-natec-impala-15-6-inch-neagra/,NTO-0335
"Husa AntiSoc Case Logic LAPS116K, pentru laptop, 15.6 inch, Negru",108.99,-1,1,https://www.vexio.ro/genti-rucsaci-si-huse/case-logic/37087-husa-antisoc-case-logic-laps116k-pentru-laptop-15-6-inch-negru/,LAPS116K
"Husa AntiSoc Case Logic LAPS114K, pentru laptop, 14 inch, Negru",122.99,-1,1,https://www.vexio.ro/genti-rucsaci-si-huse/case-logic/37088-husa-antisoc-case-logic-laps114k-pentru-laptop-14-inch-negru/,LAPS114K
"Husa AntiSoc Case Logic LAPS111K, pentru laptop, 11 inch, Negru",106.99,-1,1,https://www.vexio.ro/genti-rucsaci-si-huse/case-logic/37091-husa-antisoc-case-logic-laps111k-pentru-laptop-11-inch-negru/,LAPS111K
"Rucsac Case Logic DLBP116K, pentru laptop, black",210.99,-1,1,https://www.vexio.ro/genti-rucsaci-si-huse/case-logic/37108-rucsac-case-logic-dlbp116k-pentru-laptop-black/,DLBP116K
Memorie laptop Corsair DDR3 SODIMM 4GB 1600MHz CL11 ValueSelect,102.99,-1,1,https://www.vexio.ro/memorii-laptop/corsair/39338-ddr3-sodimm-4gb-1600mhz-cl11-valueselect/,CMSO4GX3M1A1600C11
"Memorie laptop Kingston Memorie 8GB, 1600MHz, DDR3 Non-ECC CL11...",203.84,-1,1,https://www.vexio.ro/memorii-laptop/kingston/40529-memorie-8gb-1600mhz-ddr3-non-ecc-cl11-sodimm-pentru-laptop/,KVR16S11/8
"Rucsac laptop Targus Essential, Negru cu gri",252.99,-1,1,https://www.vexio.ro/genti-rucsaci-si-huse/targus/40557-rucsac-laptop-targus-essential-negru-cu-gri/,TSB023EU
"Geanta laptop Targus TBC002EU Case 15/15.4 inch, negru",69.99,-1,1,https://www.vexio.ro/genti-rucsaci-si-huse/targus/40865-geanta-laptop-targus-tbc002eu-case-15-15-4-inch-negru/,TBC002EU
"Troller Laptop Targus TBR003EU Executive Roller 16inch, Neagra",347.99,-1,1,https://www.vexio.ro/genti-rucsaci-si-huse/targus/40873-troller-laptop-targus-tbr003eu-executive-roller-16inch-neagra/,TBR003EU
"Geanta laptop Targus CN01 Notepac 16 inch, neagra",114.99,-1,1,https://www.vexio.ro/genti-rucsaci-si-huse/targus/40945-geanta-laptop-targus-cn01-notepac-16-inch-neagra/,CN01
"Geanta laptop Targus TAR300 16 inch, neagra",86.99,-1,1,https://www.vexio.ro/genti-rucsaci-si-huse/targus/40947-geanta-laptop-targus-tar300-16-inch-neagra/,TAR300
"Rucsac laptop Targus TCB001EU 18 inch, negru/albastru",213.99,-1,1,https://www.vexio.ro/genti-rucsaci-si-huse/targus/40954-rucsac-laptop-targus-tcb001eu-18-inch-negru-albastru/,TCB001EU
"Rucsac Laptop Targus CUCT02BEU Corporate Traveller 15.4 inch, negru",458.99,-1,1,https://www.vexio.ro/genti-rucsaci-si-huse/targus/40959-rucsac-laptop-targus-cuct02beu-corporate-traveller-15-4-inch-negru/,CUCT02BEU
"Geanta Laptop Targus CUCT02UA15EU UltraLite 15 inch, neagra",616.99,-1,1,https://www.vexio.ro/genti-rucsaci-si-huse/targus/40961-geanta-laptop-targus-cuct02ua15eu-ultralite-15-inch-neagra/,CUCT02UA15EU
Incarcator universal Thermaltake TriP Dual USB,103.99,-1,1,https://www.vexio.ro/incarcatoare-laptop/thermaltake/44470-incarcator-universal-thermaltake-trip-dual-usb/,AC0020
"Targus Rucsac notebook 15.4 inch Campus Notebook Backpac, Negru",286.99,-1,1,https://www.vexio.ro/genti-rucsaci-si-huse/targus/48318-targus-rucsac-notebook-15-4-inch-campus-notebook-backpac-negru/,TEB01
"Rucsac notebook Targus EcoSpruce TBB013EU, 15.6 inch",295.99,-1,1,https://www.vexio.ro/genti-rucsaci-si-huse/targus/48392-rucsac-notebook-targus-ecospruce-tbb013eu-15-6-inch/,TBB013EU
"Memorie laptop Kingston KVR16LS11/4, 4GB DDR3 SODIMM, 1600MHz",108.99,-1,1,https://www.vexio.ro/memorii-laptop/kingston/52297-kvr16ls11-4-4gb-ddr3-sodimm-1600mhz/,KVR16LS11/4
"Memorie laptop Kingston Memorie KVR16LS11/8, 8GB, DDR3, 1600MHz, CL11",203.84,-1,1,https://www.vexio.ro/memorii-laptop/kingston/52361-memorie-kvr16ls11-8-8gb-ddr3-1600mhz-cl11/,KVR16LS11/8
"Incarcator notebook Lenovo ThinkPad Slim AC 0A36262, 65W",130.99,-1,1,https://www.vexio.ro/incarcatoare-laptop/lenovo/53466-incarcator-notebook-lenovo-thinkpad-slim-ac-0a36262-65w/,0A36262
"Incarcator notebook Lenovo ThinkPad Slim AC 0B47036, 45W",159.99,-1,1,https://www.vexio.ro/incarcatoare-laptop/lenovo/53467-incarcator-notebook-lenovo-thinkpad-slim-ac-0b47036-45w/,0B47036
"Rucsac troller notebook Targus Rolling TSB700EU, 15.4 inch",396.99,-1,1,https://www.vexio.ro/genti-rucsaci-si-huse/targus/53474-rucsac-troller-notebook-targus-rolling-tsb700eu-15-4-inch/,TSB700EU
"Geanta notebook Case Logic VNCI215, 15.6 inch, neagra",117.99,-1,1,https://www.vexio.ro/genti-rucsaci-si-huse/case-logic/53592-geanta-notebook-case-logic-vnci215-15-6-inch-neagra/,VNCI215
Apple Incarcator MagSafe MC461Z/A pentru MacBook 13 / MacBook Pro 13,497.35,-1,1,https://www.vexio.ro/incarcatoare-laptop/apple/54584-incarcator-magsafe-mc461z-a-pentru-macbook-13-macbook-pro-13/,MC461Z/A
Apple Incarcator MagSafe mc556z/b pentru MacBook Pro 2010,450.16,-1,1,https://www.vexio.ro/incarcatoare-laptop/apple/54723-incarcator-magsafe-mc556z-b-pentru-macbook-pro-2010/,mc556z/b
Apple Incarcator MagSafe 2 md506z/a pentru MacBook Pro Retina,415.99,-1,1,https://www.vexio.ro/incarcatoare-laptop/apple/54725-incarcator-magsafe-2-md506z-a-pentru-macbook-pro-retina/,md506z/a
Apple Incarcator MagSafe 2 md592z/a pentru MacBook Air,409.99,-1,1,https://www.vexio.ro/incarcatoare-laptop/apple/54727-incarcator-magsafe-2-md592z-a-pentru-macbook-air/,md592z/a
Apple Incarcator MagSafe 2 md565z/a pentru MacBook Pro 13 Retina,413.42,-1,1,https://www.vexio.ro/incarcatoare-laptop/apple/54729-incarcator-magsafe-2-md565z-a-pentru-macbook-pro-13-retina/,md565z/a
"Thermaltake Stand/Cooler notebook Massive TM, Negru/argintiu",321.99,-1,1,https://www.vexio.ro/standuri-de-racire/thermaltake/54742-stand-cooler-notebook-massive-tm-negru-argintiu/,CL-N002-PL12BL-A
"Apple Adaptor md825zm/a, Lightning la VGA",164.34,-1,1,https://www.vexio.ro/incarcatoare-laptop/apple/54775-adaptor-md825zm-a-lightning-la-vga/,md825zm/a
"Case Logic Rucsac notebook DLBP114K, 14 inch, negru",165.99,-1,1,https://www.vexio.ro/genti-rucsaci-si-huse/case-logic/54893-rucsac-notebook-dlbp114k-14-inch-negru/,DLBP114K
Thermaltake Stand/Cooler notebook Massive V20,153.99,-1,1,https://www.vexio.ro/standuri-de-racire/thermaltake/55741-stand-cooler-notebook-massive-v20/,CL-N004-PL20BL-A
"Rucsac notebook Case Logic RBP217, 17.3 inch, negru",325.99,-1,1,https://www.vexio.ro/genti-rucsaci-si-huse/case-logic/56182-rucsac-notebook-case-logic-rbp217-17-3-inch-negru/,RBP217
Lampa notebook Hama Goose Neck 39713 cu UHB LED,55.99,-1,1,https://www.vexio.ro/accesorii-laptop/hama/56666-lampa-notebook-hama-goose-neck-39713-cu-uhb-led/,39713
Dell geanta notebook Pro Lite Business 14 inch,150.99,-1,1,https://www.vexio.ro/genti-rucsaci-si-huse/dell/59305-geanta-notebook-pro-lite-business-14-inch/,460-11753
"Deepcool Cooler notebook Wind Pal FS 15.6"" Negru",113.99,-1,1,https://www.vexio.ro/standuri-de-racire/deepcool/59766-cooler-notebook-wind-pal-fs-15-6-negru/,DP-WNDPALFS
"Thermaltake cooler notebook Massive 14 2, maxim 17 inch",208.99,-1,1,https://www.vexio.ro/standuri-de-racire/thermaltake/60249-cooler-notebook-massive-14-2-maxim-17-inch/,CL-N001-PL14BU-A
"Memorie laptop Kingston KVR16S11K2/16, SODIMM 16GB DDR3 1600MHz,...",421.99,-1,1,https://www.vexio.ro/memorii-laptop/kingston/61339-kvr16s11k2-16-sodimm-16gb-ddr3-1600mhz-dual-channel/,KVR16S11K2/16
PNI emitator AV601 audio video wireless pentru tableta/smartphone,199.92,-1,1,https://www.vexio.ro/accesorii-laptop/pni/62482-emitator-av601-audio-video-wireless-pentru-tableta-smartphone/,PNI-AV601
"Canyon CNE-CTM10S5BG geanta messenger pentru tablete, Gri",59.99,-1,1,https://www.vexio.ro/genti-rucsaci-si-huse/canyon/64983-cne-ctm10s5bg-geanta-messenger-pentru-tablete-gri/,CNE-CTM10S5BG
"Memorie laptop Corsair CMSO4GX3M1C1600C11, 4GB DDR3 SODIMM 1600MHz",116.99,-1,1,https://www.vexio.ro/memorii-laptop/corsair/64993-cmso4gx3m1c1600c11-4gb-ddr3-sodimm-1600mhz/,CMSO4GX3M1C1600C11
"Memorie laptop Corsair CMSO8GX3M1C1600C11, 8GB DDR3 SODIMM 1600MHz",219.99,-1,1,https://www.vexio.ro/memorii-laptop/corsair/64994-cmso8gx3m1c1600c11-8gb-ddr3-sodimm-1600mhz/,CMSO8GX3M1C1600C11
"HP alimentator notebook H6Y89AA, 65W, negru",113.99,-1,1,https://www.vexio.ro/incarcatoare-laptop/hp/71869-alimentator-notebook-h6y89aa-65w-negru/,H6Y89AA
Cooling pad Vakoss LF-1854LK,34.99,-1,1,https://www.vexio.ro/standuri-de-racire/vakoss/74251-cooling-pad-vakoss-lf-1854lk/,LF-1854LK
"Cooling pad Vakoss LF-1860, 1 ventilator",59.99,-1,1,https://www.vexio.ro/standuri-de-racire/vakoss/74255-cooling-pad-vakoss-lf-1860-1-ventilator/,LF-1860
"Memorie laptop Transcend JM1333KSN-4G, SODIMM, 4GB DDR3, 1333 MHz,...",173.99,-1,1,https://www.vexio.ro/memorii-laptop/transcend/74871-jm1333ksn-4g-sodimm-4gb-ddr3-1333-mhz-cl9-1-5v/,JM1333KSN-4G
Memorie laptop Zeppelin SODIMM DDR3/1600 8192M ZE-SD3-8G1600,53.99,-1,1,https://www.vexio.ro/memorii-laptop/zeppelin/75243-sodimm-ddr3-1600-8192m-ze-sd3-8g1600/,ZE-SD3-8G1600
"Memorie laptop SODIMM ZEPPELIN DDR3/1600 4096M (life time, dual...",34.99,-1,1,https://www.vexio.ro/memorii-laptop/zeppelin/75244-sodimm-zeppelin-ddr3-1600-4096m-life-time-dual-channel-low-voltage-ze-sd3-4g1600v1-35/,ZE-SD3-4G1600V1.35
"Memorie laptop Crucial CT51264BF160B , SODIMM, 4 GB DDR3, 1600 MHz,...",110.99,-1,1,https://www.vexio.ro/memorii-laptop/crucial/75366-ct51264bf160b-sodimm-4-gb-ddr3-1600-mhz-cl-11-1-35-v/,CT51264BF160B
"ESPERANZA Cooling pad Solano EA142, 1 ventilator",35.99,-1,1,https://www.vexio.ro/standuri-de-racire/esperanza/76115-cooling-pad-solano-ea142-1-ventilator/,EA142 - 5901299904213
"ESPERANZA Cooling pad Chinook EA109, 1 ventilator",28.99,-1,1,https://www.vexio.ro/standuri-de-racire/esperanza/76123-cooling-pad-chinook-ea109-1-ventilator/,EA109 - 5905784768045
"Dell Alimentator laptop Slim, 45W",157.99,-1,1,https://www.vexio.ro/incarcatoare-laptop/dell/77712-alimentator-laptop-slim-45w/,450-18919
"Memorie laptop Corsair Memorie RAM Value Select, DDR3L, 4GB,...",124.99,-1,1,https://www.vexio.ro/memorii-laptop/corsair/77945-memorie-ram-value-select-ddr3l-4gb-1333mhz-cl9-1-35v/,CMSO4GX3M1C1333C9
"Memorie laptop Kingston SODIMM, DDR3, 4 GB, 1600 MHz, CL11, unbuffered",110.0,-1,1,https://www.vexio.ro/memorii-laptop/kingston/79840-sodimm-ddr3-4-gb-1600-mhz-cl11-unbuffered/,KVR16S11S8/4
"Memorie laptop Corsair Memorie RAM Value Select, SODIMM, DDR4, 8GB,...",111.99,-1,1,https://www.vexio.ro/memorii-laptop/corsair/79845-memorie-ram-value-select-sodimm-ddr4-8gb-2133-mhz-cl15-1-2v/,CMSO8GX4M1A2133C15
"Memorie laptop Corsair Memorie RAM Value Select, SODIMM, DDR4, 4GB,...",73.99,-1,1,https://www.vexio.ro/memorii-laptop/corsair/79846-memorie-ram-value-select-sodimm-ddr4-4gb-2133-mhz-cl15-1-2v/,CMSO4GX4M1A2133C15
"Dicota Rucsac notebook Spin D30575, 15.6"", Negru",114.99,-1,1,https://www.vexio.ro/genti-rucsaci-si-huse/dicota/81812-rucsac-notebook-spin-d30575-15-6-negru/,D30575
Orico LX Series L127SS Laptop Hard Drive Mount,63.99,-1,1,https://www.vexio.ro/accesorii-laptop/orico/82566-lx-series-l127ss-laptop-hard-drive-mount/,L127SS
Orico LX Series L95SS Laptop Hard Drive Mount,63.99,-1,1,https://www.vexio.ro/accesorii-laptop/orico/82572-lx-series-l95ss-laptop-hard-drive-mount/,L95SS
Memorie laptop Corsair Memorie SODIMM DDR4 2133Mhz 16GB CL15,224.99,-1,1,https://www.vexio.ro/memorii-laptop/corsair/83224-memorie-sodimm-ddr4-2133mhz-16gb-cl15/,CMSO16GX4M2A2133C15
"Dell Rucsac notebook 460-BBJP, 16"", Negru",238.99,-1,1,https://www.vexio.ro/genti-rucsaci-si-huse/dell/83321-rucsac-notebook-460-bbjp-16-negru/,460-BBJP
Memorie laptop Team Group memorie SODIMM DDR3 1600 mhz 8GB CL 11 Elite,83.99,-1,1,https://www.vexio.ro/memorii-laptop/team-group/86620-memorie-sodimm-ddr3-1600-mhz-8gb-cl-11-elite/,TED3L8G1600C11-S01
Memorie laptop Team Group memorie SODIMM DDR3 1600 mhz 4GB CL 11 Elite,66.99,-1,1,https://www.vexio.ro/memorii-laptop/team-group/86632-memorie-sodimm-ddr3-1600-mhz-4gb-cl-11-elite/,TED34G1600C11-S01
Memorie laptop Team Group memorie SODIMM DDR3 1600 mhz 8GB CL 11 Elite,91.99,-1,1,https://www.vexio.ro/memorii-laptop/team-group/86637-memorie-sodimm-ddr3-1600-mhz-8gb-cl-11-elite/,TED38G1600C11-S01
iBOX Alimentator universal pentru notebook IUZ90WA 90W AUTOMATIC,94.99,-1,1,https://www.vexio.ro/incarcatoare-laptop/ibox/86766-alimentator-universal-pentru-notebook-iuz90wa-90w-automatic/,IUZ90WA
"Memorie laptop Corsair Vengeance, DDR4, 8GB, 2400 GHz, CL16, 1.2V, kit",149.99,-1,1,https://www.vexio.ro/memorii-laptop/corsair/87021-vengeance-ddr4-8gb-2400-ghz-cl16-1-2v-kit/,CMSX8GX4M2A2400C16
"Memorie laptop Corsair Value Select, DDR4, 16GB, 2133 GHz, CL15, 1.2V",201.99,-1,1,https://www.vexio.ro/memorii-laptop/corsair/87023-value-select-ddr4-16gb-2133-ghz-cl15-1-2v/,CMSO16GX4M1A2133C15
"Memorie laptop Corsair Vengeance, DDR4, 2 x 8 GB, 2400 MHz, CL16,...",206.99,-1,1,https://www.vexio.ro/memorii-laptop/corsair/87498-vengeance-ddr4-2-x-8-gb-2400-mhz-cl16-1-2v-kit/,CMSX16GX4M2A2400C16
"Memorie laptop Kingston KCP3L16SS8/4, DDR3, 4 GB, 1600 GHz, CL11,...",124.99,-1,1,https://www.vexio.ro/memorii-laptop/kingston/88009-kcp3l16ss8-4-ddr3-4-gb-1600-ghz-cl11-1-35v/,KCP3L16SS8/4
"Memorie laptop Kingston KCP316SS8/4, DDR3, 4 GB, 1600 MHz, CL11,...",143.54,-1,1,https://www.vexio.ro/memorii-laptop/kingston/88010-kcp316ss8-4-ddr3-4-gb-1600-mhz-cl11-1-5v-dell/,KCP316SS8/4
"Targus Geanta notebook Classic Clamshell, 17-18 inch, neagra",121.99,-1,1,https://www.vexio.ro/genti-rucsaci-si-huse/targus/88604-geanta-notebook-classic-clamshell-17-18-inch-neagra/,CN418EU
"Targus Geanta notebook Classic Clamshell, 15.6 inch, neagra",87.99,-1,1,https://www.vexio.ro/genti-rucsaci-si-huse/targus/88605-geanta-notebook-classic-clamshell-15-6-inch-neagra/,CN415EU
"Memorie laptop Kingston KCP3L16SD8/8, DDR3, 8 GB, 1600 MHz, CL11,...",216.99,-1,1,https://www.vexio.ro/memorii-laptop/kingston/88664-kcp3l16sd8-8-ddr3-8-gb-1600-mhz-cl11-1-35v-dell/,KCP3L16SD8/8
"Memorie laptop Corsair Vengeance, DDR4, 2 x 16 GB, 2666 GHz, CL18,...",350.99,-1,1,https://www.vexio.ro/memorii-laptop/corsair/88667-vengeance-ddr4-2-x-16-gb-2666-ghz-cl18-1-2v-kit/,CMSX32GX4M2A2666C18
"Zalman Cooler ZM-NS2000, 17"", negru",129.99,-1,1,https://www.vexio.ro/standuri-de-racire/zalman/89727-cooler-zm-ns2000-17-negru/,ZM-NS2000
"Thermaltake Cooler Satellite 2-in-1 Notebook, Cooler and Speaker...",91.99,-1,1,https://www.vexio.ro/standuri-de-racire/thermaltake/89730-cooler-satellite-2-in-1-notebook-cooler-and-speaker-cl-n006-pl05bl-a-17-negru/,CL-N006-PL05BL-A
"Zalman Cooler ZM-NS1000, 16'', negru",66.99,-1,1,https://www.vexio.ro/standuri-de-racire/zalman/89732-cooler-zm-ns1000-16-negru/,ZM-NS1000
Lenovo TP 135W AC ADAPTER (SLIM TIP),281.99,-1,1,https://www.vexio.ro/incarcatoare-laptop/lenovo/90218-tp-135w-ac-adapter-slim-tip/,4X20E50562
"Memorie laptop G.Skill F3-1600C11S-8GSL, DDR3, 8 GB, 1600 GHz,...",76.68,-1,1,https://www.vexio.ro/memorii-laptop/g-skill/91963-f3-1600c11s-8gsl-ddr3-8-gb-1600-ghz-cl11-1-35v/,F3-1600C11S-8GSL
"Memorie laptop G.Skill Ripjaws, DDR4, 4 GB, 2400 GHz, CL16, 1.2V",61.99,-1,1,https://www.vexio.ro/memorii-laptop/g-skill/95530-ripjaws-ddr4-4-gb-2400-ghz-cl16-1-2v/,F4-2400C16S-4GRS
"Memorie laptop G.Skill Ripjaws, DDR4, 4GB, 2133 GHz, CL15, 1.2V",62.99,-1,1,https://www.vexio.ro/memorii-laptop/g-skill/95532-ripjaws-ddr4-4gb-2133-ghz-cl15-1-2v/,F4-2133C15S-4GRS
"Memorie laptop G.Skill Ripjaws, DDR3, 16GB, 1600 GHz, CL9, 1.35V, kit",151.99,-1,1,https://www.vexio.ro/memorii-laptop/g-skill/95534-ripjaws-ddr3-16gb-1600-ghz-cl9-1-35v-kit/,F3-1600C9D-16GRSL
"Memorie laptop Corsair Vengeance, DDR4, 8 GB, 2666 GHz, CL18, 1.2V,...",162.99,-1,1,https://www.vexio.ro/memorii-laptop/corsair/95535-vengeance-ddr4-8-gb-2666-ghz-cl18-1-2v-kit/,CMSX8GX4M2A2666C18
"Memorie laptop Corsair Vengeance, DDR4, 16 GB, 2666 GHz, CL18,...",203.99,-1,1,https://www.vexio.ro/memorii-laptop/corsair/95537-vengeance-ddr4-16-gb-2666-ghz-cl18-1-2v-kit/,CMSX16GX4M2A2666C18
3M Filtru de confidentialitate PF 12.1 |18.6 cm x 24.7 cm|,232.99,-1,1,https://www.vexio.ro/accesorii-laptop/3m/120679-filtru-de-confidentialitate-pf-12-1-18-6-cm-x-24-7-cm/,98044054025
"Memorie laptop G.Skill Rip K2 SO D4 F4-2133C15D-16GRS, 2133 MHz,...",154.99,-1,1,https://www.vexio.ro/memorii-laptop/g-skill/121838-rip-k2-so-d4-f4-2133c15d-16grs-2133-mhz-16gb-c15/,F4-2133C15D-16GRS
"Memorie laptop G.Skill Rip K2 SO 16GB 2400 MHz, , C16",155.99,-1,1,https://www.vexio.ro/memorii-laptop/g-skill/121839-rip-k2-so-16gb-2400-mhz-c16/,F4-2400C16D-16GRS
"Memorie laptop G.Skill GSkill Rip SO D4 F4-2400C16S-8GRS, 2400 MHz,...",79.99,-1,1,https://www.vexio.ro/memorii-laptop/g-skill/121841-gskill-rip-so-d4-f4-2400c16s-8grs-2400-mhz-8gb-c16/,F4-2400C16S-8GRS
"Memorie laptop G.Skill GSkill Rip SO D4 F4-2133C15S-8GRS, 2133...",74.99,-1,1,https://www.vexio.ro/memorii-laptop/g-skill/121842-gskill-rip-so-d4-f4-2133c15s-8grs-2133-mhz-8gb-c15/,F4-2133C15S-8GRS
"Memorie laptop G.Skill GSkill Rip K2 SO D4 F4-2133C15D-32GRS , 2133...",292.99,-1,1,https://www.vexio.ro/memorii-laptop/g-skill/121843-gskill-rip-k2-so-d4-f4-2133c15d-32grs-2133-mhz-32gb-c15/,F4-2133C15D-32GRS
"Memorie laptop G.Skill GSkill Rip K2 SO D4 F4-2400C16D-32GRS, 2400...",292.99,-1,1,https://www.vexio.ro/memorii-laptop/g-skill/121846-gskill-rip-k2-so-d4-f4-2400c16d-32grs-2400-mhz-32gb-c16/,F4-2400C16D-32GRS
"Memorie laptop G.Skill GSkill Rip SO D3 F3-1600C9S-8GRSL, 1600 MHz,...",78.99,-1,1,https://www.vexio.ro/memorii-laptop/g-skill/121847-gskill-rip-so-d3-f3-1600c9s-8grsl-1600-mhz-8gb-c9/,F3-1600C9S-8GRSL
"Memorie laptop G.Skill GSkill Rip SO D3 F3-1600C9S-4GRSL, 1600...",54.99,-1,1,https://www.vexio.ro/memorii-laptop/g-skill/121848-gskill-rip-so-d3-f3-1600c9s-4grsl-1600-mhz-4gb-c9/,F3-1600C9S-4GRSL
Memorie laptop G.Skill memorie SODIMM DDR4 2133 mhz 16GB CL 15 Ripjaws,147.99,-1,1,https://www.vexio.ro/memorii-laptop/g-skill/122759-memorie-sodimm-ddr4-2133-mhz-16gb-cl-15-ripjaws/,F4-2133C15S-16GRS
Memorie laptop memorie SODIMM DDR4 2400 mhz 16GB CL 17 Crucial (Kit...,243.99,-1,1,https://www.vexio.ro/memorii-laptop/crucial/122760-memorie-sodimm-ddr4-2400-mhz-16gb-cl-17-crucial-kit-of-2/,CT2K8G4SFS824A
Memorie laptop memorie SODIMM DDR4 2400 mhz 8GB CL 17 Crucial (Kit...,190.99,-1,1,https://www.vexio.ro/memorii-laptop/crucial/122761-memorie-sodimm-ddr4-2400-mhz-8gb-cl-17-crucial-kit-of-2/,CT2K4G4SFS824A
Memorie laptop Crucial memorie SODIMM DDR4 2400 mhz 8GB CL 17,103.99,-1,1,https://www.vexio.ro/memorii-laptop/crucial/122762-crucial-memorie-sodimm-ddr4-2400-mhz-8gb-cl-17/,CT8G4SFS824A
Memorie laptop Crucial memorie SODIMM DDR4 2400 mhz 4GB CL17,89.99,-1,1,https://www.vexio.ro/memorii-laptop/crucial/122763-memorie-sodimm-ddr4-2400-mhz-4gb-cl17/,CT4G4SFS824A
Memorie laptop memorie SODIMM DDR4 2400 mhz 16GB CL 17 Crucial,196.99,-1,1,https://www.vexio.ro/memorii-laptop/crucial/122764-memorie-sodimm-ddr4-2400-mhz-16gb-cl-17-crucial/,CT16G4SFD824A
Memorie laptop G.Skill memorie SODIMM DDR4 2666 mhz 16GB CL 18 Ripjaws,168.99,-1,1,https://www.vexio.ro/memorii-laptop/g-skill/122767-memorie-sodimm-ddr4-2666-mhz-16gb-cl-18-ripjaws/,F4-2666C18S-16GRS
"ERGOTRON 50-193-200, suport laptop, negru",269.99,-1,1,https://www.vexio.ro/standuri-de-racire/ergotron/123078-50-193-200-suport-laptop-negru/,50-193-200
"Geanta laptop Wenger ""SHERPA"" (EAN:7613329008119) 600653 , 16...",123.99,-1,1,https://www.vexio.ro/genti-rucsaci-si-huse/wenger/127245-geanta-laptop-wenger-sherpa-ean-7613329008119-600653-16-inci-slimcase-negru/,600653
"Geanta laptop cu buzunar, Tableta / eReader, Wenger ""SOURCE 16""...",254.99,-1,1,https://www.vexio.ro/genti-rucsaci-si-huse/wenger/127247-geanta-laptop-cu-buzunar-tableta-ereader-wenger-source-16-ean-7613329014400-601066-16-inci-41-cm/,601066
"Geanta laptop cu buzunar, Tableta / eReader, Wenger ""UNDERGROUND""...",284.99,-1,1,https://www.vexio.ro/genti-rucsaci-si-huse/wenger/127248-geanta-laptop-cu-buzunar-tableta-ereader-wenger-underground-ean-7613329014325-601057-16-inci-41-cm/,601057
"Rucsac laptop Wenger 15.6"" MacBook Pro cu buzunar iPad",314.99,-1,1,https://www.vexio.ro/genti-rucsaci-si-huse/wenger/127255-15-6-macbook-pro-cu-buzunar-ipad/,600627
"Rucsac laptop 600631, Wenger ""LEGACY"" (EAN:7613329007891), 16 inci,...",272.99,-1,1,https://www.vexio.ro/genti-rucsaci-si-huse/wenger/127258-rucsac-laptop-600631-wenger-legacy-ean-7613329007891-16-inci-41-cm-negru-gri/,600631
"Rucsac laptop 600633, Wenger ""PILLAR"" (EAN:7613329007914), 16 inci,...",230.99,-1,1,https://www.vexio.ro/genti-rucsaci-si-huse/wenger/127259-rucsac-laptop-600633-wenger-pillar-ean-7613329007914-16-inci-41-cm-negru-gri/,600633
"Rucsac laptop 600636, Deluxe cu buzunar Tableta / eReader, Wenger...",283.99,-1,1,https://www.vexio.ro/genti-rucsaci-si-huse/wenger/127262-rucsac-laptop-600636-deluxe-cu-buzunar-tableta-ereader-wenger-transit-ean-7613329007945-16-inci-41-cm/,600636
"Troller laptop 600664, extensibil, rotile, compartiment Tableta /...",532.99,-1,1,https://www.vexio.ro/genti-rucsaci-si-huse/wenger/127264-troller-laptop-600664-extensibil-rotile-compartiment-tableta-ereader-wenger-transfer-ean-7613329008225-16-inci-41-cm/,600664
"Geanta laptop 600647, Wenger ""LEGACY"" (EAN:7613329008058), 16 inci,...",211.99,-1,1,https://www.vexio.ro/genti-rucsaci-si-huse/wenger/127265-geanta-laptop-600647-wenger-legacy-ean-7613329008058-16-inci-41-cm-negru/,600647
"HDD Laptop Hard disk ST1000LM035, Seagate Mobile HDD, 2.5 inci,...",239.99,-1,1,https://www.vexio.ro/hard-disk-uri-laptop/seagate/128123-hard-disk-st1000lm035-seagate-mobile-hdd-2-5-inci-1tb-sata3-5400rpm-128mb/,ST1000LM035
Kensington USB 3.0 Dual Docking station (SD3600 VESA Mount Dock),603.99,-1,1,https://www.vexio.ro/statii-andocare/kensington/129770-kensington-usb-3-0-dual-docking-station-sd3600-vesa-mount-dock/,K33991WW
"Memorie laptop G.Skill F3-1600C9D-8GRSL, D3, 1600MHz, 8GB(2x4GB),...",120.99,-1,1,https://www.vexio.ro/memorii-laptop/g-skill/130128-f3-1600c9d-8grsl-d3-1600mhz-8gb-2x4gb-c9-gskill-rip-k2/,F3-1600C9D-8GRSL
"Memorie laptop CMSX32GX4M2A2400C16, D4, 2400MHz, 32GB, C16,...",371.99,-1,1,https://www.vexio.ro/memorii-laptop/corsair/130138-cmsx32gx4m2a2400c16-d4-2400mhz-32gb-c16-corsair-venk2/,CMSX32GX4M2A2400C16
"Stand notebook DeepCool 15.6"" - 1* fan 140mm, blue LED, 1* USB,...",46.23,-1,1,https://www.vexio.ro/standuri-de-racire/deepcool/131836-stand-notebook-deepcool-15-6-1-fan-140mm-blue-led-1-usb-plastic-metal-black-windpal-mini/,WINDPAL MINI
Cooler Master ERGOSTAND III 17 Black,219.99,-1,1,https://www.vexio.ro/standuri-de-racire/cooler-master/132063-ergostand-iii-17-black/,R9-NBS-E32K-GP
"Club 3D CSV-3242HD, USB 3.0 Docking Station",664.99,-1,1,https://www.vexio.ro/statii-andocare/club-3d/143164-csv-3242hd-usb-3-0-docking-station/,CSV-3242HD
LogiLink Cablu anti-furt cu cifru pentru laptop,28.99,-1,1,https://www.vexio.ro/accesorii-laptop/logilink/148935-cablu-anti-furt-cu-cifru-pentru-laptop/,NBS002
"HDD Laptop Seagate BarraCuda, 1 TB, 5400 RPM, SATA 3",275.99,-1,1,https://www.vexio.ro/hard-disk-uri-laptop/seagate/152242-barracuda-1-tb-5400-rpm-sata-3/,ST1000LM048
"HDD Laptop Seagate BarraCuda, 2 TB, 5400 RPM, SATA 6GB/s",403.99,-1,1,https://www.vexio.ro/hard-disk-uri-laptop/seagate/152243-barracuda-2-tb-5400-rpm-sata-6gb-s/,ST2000LM015
"HDD Laptop Seagate BarraCuda, 5 TB, 5400 RPM, SATA 6GB/s",748.15,-1,1,https://www.vexio.ro/hard-disk-uri-laptop/seagate/152244-barracuda-5-tb-5400-rpm-sata-6gb-s/,ST5000LM000
"HDD Laptop Seagate HDD ST500LM030, 500GB, SATA, 6Gb/s, 5400 rmp",292.99,-1,1,https://www.vexio.ro/hard-disk-uri-laptop/seagate/153251-hdd-st500lm030-500gb-sata-6gb-s-5400-rmp/,ST500LM030
"Memorie laptop G.Skill F3-10666CL9S-8GBSQ, DDR3, 8 GB, 1333 GHz,...",74.99,-1,1,https://www.vexio.ro/memorii-laptop/g-skill/154705-f3-10666cl9s-8gbsq-ddr3-8-gb-1333-ghz-cl9-1-5v/,F3-10666CL9S-8GBSQ
"Memorie laptop Kingston Value Ram, DDR3, 16 GB, 1600 GHz, CL11,...",421.99,-1,1,https://www.vexio.ro/memorii-laptop/kingston/154707-value-ram-ddr3-16-gb-1600-ghz-cl11-1-35v-unbuffered-non-ecc-kit/,KVR16LS11K2/16
"Lenovo Statie 40A40090EU, 158 x 80 x 38,5 mm, negru",702.99,-1,1,https://www.vexio.ro/statii-andocare/lenovo/160889-statie-40a40090eu-158-x-80-x-38-5-mm-negru/,40A40090EU
Wenger Cobalt backpack 15.6 inch blue,225.99,-1,1,https://www.vexio.ro/genti-rucsaci-si-huse/wenger/161621-cobalt-backpack-15-6-inch-blue/,600629
"Wenger Synergy 16 inch Computer Backpack, Gray/Black",327.99,-1,1,https://www.vexio.ro/genti-rucsaci-si-huse/wenger/161622-synergy-16-inch-computer-backpack-gray-black/,600635
"Wenger, Ibex 17 inch Computer Backpack, Blue",329.99,-1,1,https://www.vexio.ro/genti-rucsaci-si-huse/wenger/161623-wenger-ibex-17-inch-computer-backpack-blue/,600638
"Wenger Pegasus 17 inch Computer Backpack, Blue",352.99,-1,1,https://www.vexio.ro/genti-rucsaci-si-huse/wenger/161624-pegasus-17-inch-computer-backpack-blue/,600639
"Wenger Reload 14 inch Laptop Backpack with Tablet Pocket, Black",201.99,-1,1,https://www.vexio.ro/genti-rucsaci-si-huse/wenger/161628-reload-14-inch-laptop-backpack-with-tablet-pocket-black/,601068
"Wenger Reload 16 inch Laptop Backpack with Tablet Pocket, Black",324.99,-1,1,https://www.vexio.ro/genti-rucsaci-si-huse/wenger/161629-reload-16-inch-laptop-backpack-with-tablet-pocket-black/,601070
Wenger EVA 13 inch Women\'s Exp Tote w/Removable Laptop Sl. Black,373.99,-1,1,https://www.vexio.ro/genti-rucsaci-si-huse/wenger/161632-eva-13-inch-women-s-exp-tote-w-removable-laptop-sl-black/,601077
"Wenger Legacy 17 inch Slimcase,Black/Gray",185.99,-1,1,https://www.vexio.ro/genti-rucsaci-si-huse/wenger/161633-legacy-17-inch-slimcase-black-gray/,600654
"Geanta laptop Wenger Legacy 17"", Negru/Gri",296.99,-1,1,https://www.vexio.ro/genti-rucsaci-si-huse/wenger/161642-geanta-laptop-wenger-legacy-17-negru-gri/,600655
"Wenger Legacy 16 inch Double Gusset Computer Case, Black/Gray (R)",253.99,-1,1,https://www.vexio.ro/genti-rucsaci-si-huse/wenger/161647-legacy-16-inch-double-gusset-computer-case-black-gray-r/,600648
"Wenger Fuse 15.6 inch /40 Cm Laptop Bkpk W/Tablet, Black (R)",218.99,-1,1,https://www.vexio.ro/genti-rucsaci-si-huse/wenger/161658-fuse-15-6-inch-40-cm-laptop-bkpk-w-tablet-black-r/,600630
Canyon geanta notebook / laptop CNE-CB5G4,75.99,-1,1,https://www.vexio.ro/genti-rucsaci-si-huse/canyon/164362-geanta-notebook-laptop-cne-cb5g4/,CNE-CB5G4
"Targus Rucsac pentru laptop de 15"" Negru",440.99,-1,1,https://www.vexio.ro/genti-rucsaci-si-huse/targus/166909-rucsac-pentru-laptop-de-15-negru/,TSB913EU
"Targus Rucsac pentru laptop de 15.6"" Negru",268.99,-1,1,https://www.vexio.ro/genti-rucsaci-si-huse/targus/166910-rucsac-pentru-laptop-de-15-6-negru/,TSB911EU
Quer ALIMENTATOR DEDICAT APPLE 85W 20V 4.25A,199.99,-1,1,https://www.vexio.ro/incarcatoare-laptop/quer/171597-alimentator-dedicat-apple-85w-20v-4-25a/,KOM0539
ALIMENTATOR LAPTOP HP COMPAQ 65W 18.5V QUER,41.99,-1,1,https://www.vexio.ro/incarcatoare-laptop/quer/171615-alimentator-laptop-hp-compaq-65w-18-5v-quer/,KOM0778
"Filtru de confidentialitate 3M, PF 8.9W",243.99,-1,1,https://www.vexio.ro/accesorii-laptop/3m/178317-filtru-de-confidentialitate-3m-pf-8-9w/,7000014516
Canyon Geanta notebook 15.6 inch CNE-CB5B2,95.99,-1,1,https://www.vexio.ro/genti-rucsaci-si-huse/canyon/180685-geanta-notebook-15-6-inch-cne-cb5b2/,CNE-CB5B2
Canyon Rucsac Super Slim 15.6 inch Dark Blue,80.99,-1,1,https://www.vexio.ro/genti-rucsaci-si-huse/canyon/180713-rucsac-super-slim-15-6-inch-dark-blue/,CNE-CBP5DB4
Geanta Laptop Natec ORYX 15.6 inch Neagra,61.99,-1,1,https://www.vexio.ro/genti-rucsaci-si-huse/natec/180851-geanta-laptop-natec-oryx-15-6-inch-neagra/,NTO-0289
Natec Geanta Laptop BOXER Anti-Shock System 15.6 inch,137.99,-1,1,https://www.vexio.ro/genti-rucsaci-si-huse/natec/180853-geanta-laptop-boxer-anti-shock-system-15-6-inch/,NTO-0392
Natec Geanta Laptop MUSTELA 15.6 inch Gri,72.99,-1,1,https://www.vexio.ro/genti-rucsaci-si-huse/natec/180855-geanta-laptop-mustela-15-6-inch-gri/,NTO-0766
"Natec Laptop Bag IMPALA Black-Blue 17,3'' (stiff shock absorbing...",52.99,-1,1,https://www.vexio.ro/genti-rucsaci-si-huse/natec/180919-laptop-bag-impala-black-blue-17-3-stiff-shock-absorbing-frame/,NTO-0359
"Natec Laptop BOXER Black 17,3'' | Anti-Shock System |",147.99,-1,1,https://www.vexio.ro/genti-rucsaci-si-huse/natec/181123-laptop-boxer-black-17-3-anti-shock-system/,NTO-0393
ESPERANZA EA148 Lampa notebook cu LED-uri 10,15.99,-1,1,https://www.vexio.ro/accesorii-laptop/esperanza/182183-ea148-lampa-notebook-cu-led-uri-10/,EA148 - 5901299909126
"ESPERANZA Geanta laptop 15,6'' ET101 Classic | Black",34.99,-1,1,https://www.vexio.ro/genti-rucsaci-si-huse/esperanza/182271-geanta-laptop-15-6-et101-classic-black/,ET101 - 5905784767420
ESPERANZA EA147K Lampa notebook cu LED-uri 6,10.99,-1,1,https://www.vexio.ro/accesorii-laptop/esperanza/182319-ea147k-lampa-notebook-cu-led-uri-6/,EA147K - 5901299910016
ESPERANZA EA147W Lampa notebook cu LED-uri 6,10.99,-1,1,https://www.vexio.ro/accesorii-laptop/esperanza/182615-ea147w-lampa-notebook-cu-led-uri-6/,EA147W - 5901299910023
Memorie laptop Silicon Power DDR3 8GB 1600MHz CL11 SO-DIMM 1.5V,65.99,-1,1,https://www.vexio.ro/memorii-laptop/silicon-power/184147-ddr3-8gb-1600mhz-cl11-so-dimm-1-5v/,SP008GBSTU160N02
Memorie laptop Silicon Power DDR3 4GB 1600MHz CL11 SO-DIMM 1.5V,46.99,-1,1,https://www.vexio.ro/memorii-laptop/silicon-power/184149-ddr3-4gb-1600mhz-cl11-so-dimm-1-5v/,SP004GBSTU160N02
"Memorie laptop Patriot Memorie notebook Signature, 8GB, DDR4,...",87.99,-1,1,https://www.vexio.ro/memorii-laptop/patriot/184277-memorie-notebook-signature-8gb-ddr4-2133mhz-cl15-1-2v/,PSD48G213381S
"Targus Geanta notebook 15.6"" inch Intellect Black",101.99,-1,1,https://www.vexio.ro/genti-rucsaci-si-huse/targus/213171-geanta-notebook-15-6-inch-intellect-black/,TBT238EU
"Tracer geanta notebook 15,6'' Balance",70.99,-1,1,https://www.vexio.ro/genti-rucsaci-si-huse/tracer/213277-geanta-notebook-15-6-balance/,TRATOR43466
Tracer geanta notebook 17'' Straight,46.99,-1,1,https://www.vexio.ro/genti-rucsaci-si-huse/tracer/213279-geanta-notebook-17-straight/,TRATOR43468
Tracer geanta notebook 15.6'' Simplo,43.99,-1,1,https://www.vexio.ro/genti-rucsaci-si-huse/tracer/213285-geanta-notebook-15-6-simplo/,TRATOR20785
Natec Geanta laptop DOBERMAN 15.6'' Black,68.99,-1,1,https://www.vexio.ro/genti-rucsaci-si-huse/natec/214927-geanta-laptop-doberman-15-6-black/,NTO-0768
"MUJJO Geanta Folio Sleeve Piele APPLE MacBook 12""",696.99,-1,1,https://www.vexio.ro/genti-rucsaci-si-huse/mujjo/216619-geanta-folio-sleeve-piele-apple-macbook-12/,QM_145005
Everki GLEKS622XL,737.99,-1,1,https://www.vexio.ro/genti-rucsaci-si-huse/everki/218103-gleks622xl/,GLEKS622XL
"HDD Laptop Western Digital Blue 2TB 5400RPM SATA3 128MB 2.5""",555.99,-1,1,https://www.vexio.ro/hard-disk-uri-laptop/western-digital/218779-blue-2tb-5400rpm-sata3-128mb-2-5/,WD20SPZX
"HDD Laptop Western Digital Blue 1TB 5400RPM SATA3 128MB 2.5""",345.99,-1,1,https://www.vexio.ro/hard-disk-uri-laptop/western-digital/218781-blue-1tb-5400rpm-sata3-128mb-2-5/,WD10SPZX
"Sandberg USB-C Charge Cable 2M, 60W",32.99,-1,1,https://www.vexio.ro/accesorii-laptop/sandberg/223879-usb-c-charge-cable-2m-60w/,136-17
Memorie laptop Adata 4GB DDR3L 1600MHz CL11 1.35V,67.32,-1,1,https://www.vexio.ro/memorii-laptop/adata/230325-4gb-ddr3l-1600mhz-cl11-1-35v/,ADDS1600W4G11-S
Memorie laptop Kingston 4GB DDR4 2400MHz CL17 1.2 V,126.99,-1,1,https://www.vexio.ro/memorii-laptop/kingston/233189-4gb-ddr4-2400mhz-cl17-1-2-v/,KVR24S17S6/4
Thermaltake Massive A23,124.99,-1,1,https://www.vexio.ro/standuri-de-racire/thermaltake/234521-massive-a23/,CL-N013-PL12BL-A
Thermaltake Massive 20 RGB,314.99,-1,1,https://www.vexio.ro/standuri-de-racire/thermaltake/234523-massive-20-rgb/,CL-N014-PL20SW-A
Inter-Tech 60W external PSU for ITX series Q/E/SY/ITX,72.99,-1,1,https://www.vexio.ro/incarcatoare-laptop/inter-tech/234557-inter-tech-60w-external-psu-for-itx-series-q-e-sy-itx/,88882099
Inter-Tech 90W external PSU for ITX series Q/E/SY/ITX,81.99,-1,1,https://www.vexio.ro/incarcatoare-laptop/inter-tech/234559-90w-external-psu-for-itx-series-q-e-sy-itx/,88882098
Memorie laptop Corsair Vengeance 16GB DDR4 2666MHz CL18 1.2v,175.99,-1,1,https://www.vexio.ro/memorii-laptop/corsair/237507-vengeance-16gb-ddr4-2666mhz-cl18-1-2v/,CMSX16GX4M1A2666C18
Memorie laptop G.Skill Ripjaws Dual Channel Kit 32GB (2x16GB) DDR4...,584.99,-1,1,https://www.vexio.ro/memorii-laptop/g-skill/237623-ripjaws-dual-channel-kit-32gb-2x16gb-ddr4-3200mhz-cl18-1-20v/,F4-3200C18D-32GRS
Memorie laptop Corsair Vengeance 16GB DDR4 2400MHz CL16 1.2v,176.99,-1,1,https://www.vexio.ro/memorii-laptop/corsair/237815-vengeance-16gb-ddr4-2400mhz-cl16-1-2v/,CMSX16GX4M1A2400C16
"UNITEK stație de andocare 10x USB 2,4A, 96W; Y-2172",305.99,-1,1,https://www.vexio.ro/statii-andocare/unitek/246361-statie-de-andocare-10x-usb-2-4a-96w-y-2172/,Y-2172
"UNITEK Charging station 10x USB 2,4A, 96W; 2x QC3.0; Y-2190A",297.99,-1,1,https://www.vexio.ro/statii-andocare/unitek/246365-charging-station-10x-usb-2-4a-96w-2x-qc3-0-y-2190a/,Y-2190A
"UNITEK Charging station 10x USB; 8x USB 2.4A, 160W; 1x QC3.0; 1x...",467.99,-1,1,https://www.vexio.ro/statii-andocare/unitek/246369-charging-station-10x-usb-8x-usb-2-4a-160w-1x-qc3-0-1x-usb-c-y-2190/,Y-2190
Memorie laptop Corsair Vengeance 8GB DDR4 2400MHz CL16 1.2V,100.99,-1,1,https://www.vexio.ro/memorii-laptop/corsair/246469-vengeance-8gb-ddr4-2400mhz-cl16-1-2v/,CMSX8GX4M1A2400C16
Memorie laptop Kingston 16GB DDR4 2666MHz CL19 1.2V,164.99,-1,1,https://www.vexio.ro/memorii-laptop/kingston/246471-16gb-ddr4-2666mhz-cl19-1-2v/,KVR26S19D8/16
Memorie laptop Kingston 4GB DDR4 2666MHz CL19 1.2V,82.99,-1,1,https://www.vexio.ro/memorii-laptop/kingston/246473-4gb-ddr4-2666mhz-cl19-1-2v/,KVR26S19S6/4
Geanta laptop Targus Classic Clamshell Case 14.3'' Negru,97.99,-1,1,https://www.vexio.ro/genti-rucsaci-si-huse/targus/250373-classic-clamshell-case-14-3-negru/,CN414EU
"Targus Classic Clamshell Case 15,6"" Negru",87.99,-1,1,https://www.vexio.ro/genti-rucsaci-si-huse/targus/250383-classic-clamshell-case-15-6-negru/,CN31
"Dicota Case Slim BASE 13-14.1"" Red",89.99,-1,1,https://www.vexio.ro/genti-rucsaci-si-huse/dicota/250469-case-slim-base-13-14-1-red/,D31306
"Wenger Source, 14"",Nylon, Negru",214.99,-1,1,https://www.vexio.ro/genti-rucsaci-si-huse/wenger/250501-source-14-nylon-negru/,601064
"Wenger Sensor, pentru MacBook Pro 15"", buzunar iPad",242.99,-1,1,https://www.vexio.ro/genti-rucsaci-si-huse/wenger/250529-sensor-pentru-macbook-pro-15-buzunar-ipad/,600643
"PORT Designs Geanta pentru laptop de 14-15.6"" Negru",186.99,-1,1,https://www.vexio.ro/genti-rucsaci-si-huse/port-designs/250535-geanta-pentru-laptop-de-14-15-6-negru/,110301/PDZURTL15K
"Geanta laptop Case Logic Era EERAA 15.6"" Gri",139.99,-1,1,https://www.vexio.ro/genti-rucsaci-si-huse/case-logic/250549-era-eeraa-15-6-gri/,EERAA116_OBSIDIAN
"Geanta laptop Case Logic Era EERACV 15.6"" Gri",195.99,-1,1,https://www.vexio.ro/genti-rucsaci-si-huse/case-logic/250551-era-eeracv-15-6-gri/,EERACV116_OBSIDIAN
"Dicota Ultra Skin Plus Pro 14""-14.1"" Negru",154.99,-1,1,https://www.vexio.ro/genti-rucsaci-si-huse/dicota/250599-ultra-skin-plus-pro-14-14-1-negru/,D31103
"Dicota Ultra Skin Plus Pro 13""-13.3"" Black",144.99,-1,1,https://www.vexio.ro/genti-rucsaci-si-huse/dicota/250619-ultra-skin-plus-pro-13-13-3-black/,D31102
"Dicota Ultra Skin Plus Pro 14""-14.1"" Black",151.99,-1,1,https://www.vexio.ro/genti-rucsaci-si-huse/dicota/250621-ultra-skin-plus-pro-14-14-1-black/,D31098
"Husa laptop Dicota Perfect Skin Plus Pro 16""-17.3"" Negru",93.99,-1,1,https://www.vexio.ro/genti-rucsaci-si-huse/dicota/250633-perfect-skin-plus-pro-16-17-3-negru/,D31189
"Husa laptop Tucano Melange Second Skin MacBook Air/Pro 13"" Albastru",154.99,-1,1,https://www.vexio.ro/genti-rucsaci-si-huse/tucano/250675-melange-second-skin-macbook-air-pro-13-albastru/,BFM1314-B
"Artwizz Neoprene Sleeve Macbook Pro 13"" (2016) Auriu",196.99,-1,1,https://www.vexio.ro/genti-rucsaci-si-huse/artwizz/250679-neoprene-sleeve-macbook-pro-13-2016-auriu/,IEOANSMBP13GO
NB Dell PSU Power Adapter 65W (EUR),152.99,-1,1,https://www.vexio.ro/incarcatoare-laptop/dell/252519-nb-dell-psu-power-adapter-65w-eur/,450-AECL
Qoltec baterie notebook Long Life Lenovo B470 B575 G460 G560 | 11.1...,80.99,-1,1,https://www.vexio.ro/baterii-laptop/qoltec/254877-qoltec-baterie-notebook-long-life-lenovo-b470-b575-g460-g560-11-1-v-4400-mah/,52520
HDD Laptop Seagate BarraCuda 2.5'' 500GB SATA3 7200RPM 128MB,319.99,-1,1,https://www.vexio.ro/hard-disk-uri-laptop/seagate/258055-barracuda-2-5-500gb-sata3-7200rpm-128mb/,ST500LM034
HDD Laptop Seagate BarraCuda 2.5'' 1TB SATA3 7200RPM 128MB,327.99,-1,1,https://www.vexio.ro/hard-disk-uri-laptop/seagate/258057-barracuda-2-5-1tb-sata3-7200rpm-128mb/,ST1000LM049
"HDD Laptop Internal HDD Toshiba L200 2,5'' 2TB SATA 5400RPM 128MB BULK",433.99,-1,1,https://www.vexio.ro/hard-disk-uri-laptop/toshiba/258413-internal-hdd-toshiba-l200-2-5-2tb-sata-5400rpm-128mb-bulk/,HDWL120UZSVA
Cooler Master Cooling pad NotePal U2 Plus,148.99,-1,1,https://www.vexio.ro/standuri-de-racire/cooler-master/260109-cooling-pad-notepal-u2-plus/,R9-NBC-U2PK-GP
"Cooler Master Ventilator laptop de 17"" NotePal U2 Plus Argintiu",137.99,-1,1,https://www.vexio.ro/standuri-de-racire/cooler-master/260121-ventilator-laptop-de-17-notepal-u2-plus-argintiu/,R9-NBC-U2PS-GP
"Dicota Sleeve PRO 13-13.3""",131.99,-1,1,https://www.vexio.ro/genti-rucsaci-si-huse/dicota/260847-sleeve-pro-13-13-3/,D31097
"Dicota Sleeve Plus PRO 12-12.5""",131.99,-1,1,https://www.vexio.ro/genti-rucsaci-si-huse/dicota/260851-sleeve-plus-pro-12-12-5/,D31101
"Dicota Sleeve PERFECT 10-11.6""",68.99,-1,1,https://www.vexio.ro/genti-rucsaci-si-huse/dicota/260861-sleeve-perfect-10-11-6/,D31184
"Dicota Sleeve PERFECT 13-13.3""",79.99,-1,1,https://www.vexio.ro/genti-rucsaci-si-huse/dicota/260863-sleeve-perfect-13-13-3/,D31186
"Dicota Sleeve PERFECT 12-12.5""",77.99,-1,1,https://www.vexio.ro/genti-rucsaci-si-huse/dicota/260865-sleeve-perfect-12-12-5/,D31185
"Dicota Sleeve BASE 12-12.5"" Grey",72.99,-1,1,https://www.vexio.ro/genti-rucsaci-si-huse/dicota/260869-sleeve-base-12-12-5-grey/,D31289
"Dicota Sleeve BASE 15-15.6"" Grey",140.99,-1,1,https://www.vexio.ro/genti-rucsaci-si-huse/dicota/260871-sleeve-base-15-15-6-grey/,D31295
"Dicota Sleeve SMART 10-11.6""",95.99,-1,1,https://www.vexio.ro/genti-rucsaci-si-huse/dicota/260877-sleeve-smart-10-11-6/,D31178
"Dicota Sleeve SMART 14-14.1""",136.99,-1,1,https://www.vexio.ro/genti-rucsaci-si-huse/dicota/260879-sleeve-smart-14-14-1/,D31181
Memorie laptop G.Skill Ripjaws DDR4 8GB 2666MHz CL18 SO-DIMM 1.2V,86.99,-1,1,https://www.vexio.ro/memorii-laptop/g-skill/261451-ripjaws-ddr4-8gb-2666mhz-cl18-so-dimm-1-2v/,F4-2666C18S-8GRS
Memorie laptop GOODRAM DDR4 8GB 2400MHz CL17 SODIMM,90.99,-1,1,https://www.vexio.ro/memorii-laptop/goodram/261983-ddr4-8gb-2400mhz-cl17-sodimm/,GR2400S464L17S/8G
Acumulator Green Cell pentru Lenovo IdeaPad G430 G450 G530 G550 N500,138.99,-1,1,https://www.vexio.ro/baterii-laptop/green-cell/262157-acumulator-green-cell-pentru-lenovo-ideapad-g430-g450-g530-g550-n500/,LE06
Acumulator Green Cell pentru HP Compaq 320 321 325 326 4320s 4520s,183.99,-1,1,https://www.vexio.ro/baterii-laptop/green-cell/262259-acumulator-green-cell-pentru-hp-compaq-320-321-325-326-4320s-4520s/,HP38
Acumulator Green Cell pentru Dell Studio 1500 1535 1536 1537 1555 15,138.99,-1,1,https://www.vexio.ro/baterii-laptop/green-cell/262331-acumulator-green-cell-pentru-dell-studio-1500-1535-1536-1537-1555-15/,DE07
Acumulator Green Cell pentru Dell Latitude D420 D430 312-0443 312-04,144.99,-1,1,https://www.vexio.ro/baterii-laptop/green-cell/262419-acumulator-green-cell-pentru-dell-latitude-d420-d430-312-0443-312-04/,DE44
"Acumulator Green Cell SQU-1303 SQU-1309 pentru Haier 7G X3P, Hasee...",67.99,-1,1,https://www.vexio.ro/baterii-laptop/green-cell/262691-acumulator-green-cell-squ-1303-squ-1309-pentru-haier-7g-x3p-hasee-k480n-q480s/,AS93
"Modecom Mark 15.6"" Negru",59.99,-1,1,https://www.vexio.ro/genti-rucsaci-si-huse/modecom/267835-mark-15-6-negru/,"TOR-MC-MARK-15,6"
Modecom GEANTA laptop HIGHFILL 13'' albastru,39.99,-1,1,https://www.vexio.ro/genti-rucsaci-si-huse/modecom/267851-geanta-laptop-highfill-13-albastru/,TOR-MC-HIGHFILL-13-BLU
Modecom GEANTA laptop HIGHFILL 11'' albastru,40.99,-1,1,https://www.vexio.ro/genti-rucsaci-si-huse/modecom/267857-geanta-laptop-highfill-11-albastru/,TOR-MC-HIGHFILL-11-BLU
Modecom Geanta/Rucsac Trenton pentru laptop de 15.6inch,146.99,-1,1,https://www.vexio.ro/genti-rucsaci-si-huse/modecom/267863-geanta-rucsac-trenton-pentru-laptop-de-15-6inch/,TOR-MC-TRENTON-BLU
"Natec Laptop Bag DOBERMAN 17,3'', Black",74.99,-1,1,https://www.vexio.ro/genti-rucsaci-si-huse/natec/267981-laptop-bag-doberman-17-3-black/,NTO-0769
Natec Laptop Bag GAZELLE 13''-14'' Black,95.99,-1,1,https://www.vexio.ro/genti-rucsaci-si-huse/natec/267987-laptop-bag-gazelle-13-14-black/,NTO-0814
"Targus BAG CITYGEAR 15-17.3"" TOPLOAD, Black",588.99,-1,1,https://www.vexio.ro/genti-rucsaci-si-huse/targus/271607-bag-citygear-15-17-3-topload-black/,TCG470EU
"Targus Rucsac Laptop Mobile VIP 12.5-15.6 inch, Negru",348.99,-1,1,https://www.vexio.ro/genti-rucsaci-si-huse/targus/271625-rucsac-laptop-mobile-vip-12-5-15-6-inch-negru/,TSB912EU
"Geanta Laptop Targus 14-15.6 inch, CitySmart",260.99,-1,1,https://www.vexio.ro/genti-rucsaci-si-huse/targus/271627-geanta-laptop-targus-14-15-6-inch-citysmart/,TBT915EU
"Geanta Laptop Targus, 14-15.6 inch, Citysmart",144.99,-1,1,https://www.vexio.ro/genti-rucsaci-si-huse/targus/271629-geanta-laptop-targus-14-15-6-inch-citysmart/,TBT914EU
Geanta Laptop Targus 12''-14'' CitySmart,164.99,-1,1,https://www.vexio.ro/genti-rucsaci-si-huse/targus/271631-geanta-laptop-targus-12-14-citysmart/,TBT913EU
"Memorie laptop Patriot PSD34G16002S 4GB, DDR3-1600MHz, CL11",82.99,-1,1,https://www.vexio.ro/memorii-laptop/patriot/272569-psd34g16002s-4gb-ddr3-1600mhz-cl11/,PSD34G16002S
"Memorie laptop Kingston 16GB, DDR4-2400MHz, CL17",539.99,-1,1,https://www.vexio.ro/memorii-laptop/kingston/272571-16gb-ddr4-2400mhz-cl17/,KCP424SD8/16
"3M Filtru de confidentialitate 30"" 16:10 / PF30.0W |40.1cm x 64.1cm|",805.99,-1,1,https://www.vexio.ro/accesorii-laptop/3m/277307-filtru-de-confidentialitate-30-16-10-pf30-0w-40-1cm-x-64-1cm/,98044054223/7100039655
"3M Filtru de confidentialitate 27"" 16:9 / PF 27.0W9 |33.7cm x 59.8cm|",725.99,-1,1,https://www.vexio.ro/accesorii-laptop/3m/277315-filtru-de-confidentialitate-27-16-9-pf-27-0w9-33-7cm-x-59-8cm/,98044054363/7000031980
"3M Filtru de confidentialitate 19,5"" 16:9 / PF 19.5W9 |24.0 cm x...",433.99,-1,1,https://www.vexio.ro/accesorii-laptop/3m/277317-filtru-de-confidentialitate-19-5-16-9-pf-19-5w9-24-0-cm-x-43-2cm/,98044059313/7100036575
3M Filtru de confidentialitate iMac 27'' PFIM27v2 |649 mm x 396 mm|,816.99,-1,1,https://www.vexio.ro/accesorii-laptop/3m/277321-filtru-de-confidentialitate-imac-27-pfim27v2-649-mm-x-396-mm/,98044058091_
"3M Filtru de confidentialitate 25"" 16:9 / PF 25.0W9 |31.1cm x 55.2cm|",653.99,-1,1,https://www.vexio.ro/accesorii-laptop/3m/277325-filtru-de-confidentialitate-25-16-9-pf-25-0w9-31-1cm-x-55-2cm/,98044054447/7000059564
3M MacBook Pro 13'' PFNAP007 16:10 model 2016 (touch display) (286...,253.99,-1,1,https://www.vexio.ro/accesorii-laptop/3m/277337-macbook-pro-13-pfnap007-16-10-model-2016-touch-display-286-mm-x-179-mm/,98044065187/7100115681
Akyga notebook power adapter AK-ND-09 18.5V/3.54A 65W 4.8x1.7 mm HP,60.99,-1,1,https://www.vexio.ro/incarcatoare-laptop/akyga/279223-akyga-notebook-power-adapter-ak-nd-09-18-5v-3-54a-65w-4-8x1-7-mm-hp/,AK-ND-09
Akyga notebook power adapter AK-ND-22 19V/2.1A 40W 3.0x1.0 mm SAMSUNG,57.99,-1,1,https://www.vexio.ro/incarcatoare-laptop/akyga/279225-akyga-notebook-power-adapter-ak-nd-22-19v-2-1a-40w-3-0x1-0-mm-samsung/,AK-ND-22
Akyga notebook power adapter AK-ND-24 20V/3.25A 65W Square yellow...,60.99,-1,1,https://www.vexio.ro/incarcatoare-laptop/akyga/279227-akyga-notebook-power-adapter-ak-nd-24-20v-3-25a-65w-square-yellow-lenovo/,AK-ND-24
Akyga notebook power adapter AK-ND-08 19V/4.74A 90W 4.8x1.7 mm HP,60.99,-1,1,https://www.vexio.ro/incarcatoare-laptop/akyga/279229-akyga-notebook-power-adapter-ak-nd-08-19v-4-74a-90w-4-8x1-7-mm-hp/,AK-ND-08
